Product_ID,Region,Month,Demand
P1,R1,37,0.0
P1,R1,38,0.0
P1,R1,39,0.0
P1,R10,37,0.0
P1,R10,38,0.0
P1,R10,39,0.0
P1,R11,37,0.0
P1,R11,38,0.0
P1,R11,39,0.0
P1,R12,37,0.0
P1,R12,38,0.0
P1,R12,39,0.0
P1,R13,37,0.0
P1,R13,38,0.0
P1,R13,39,0.0
P1,R14,37,0.0
P1,R14,38,0.0
P1,R14,39,0.0
P1,R15,37,0.0
P1,R15,38,0.0
P1,R15,39,0.0
P1,R16,37,0.0
P1,R16,38,0.0
P1,R16,39,0.0
P1,R17,37,0.0
P1,R17,38,0.0
P1,R17,39,0.0
P1,R18,37,0.0
P1,R18,38,0.0
P1,R18,39,0.0
P1,R2,37,0.0
P1,R2,38,0.0
P1,R2,39,0.0
P1,R3,37,0.0
P1,R3,38,0.0
P1,R3,39,0.0
P1,R4,37,0.0
P1,R4,38,0.0
P1,R4,39,0.0
P1,R5,37,0.0
P1,R5,38,0.0
P1,R5,39,0.0
P1,R6,37,0.0
P1,R6,38,0.0
P1,R6,39,0.0
P1,R7,37,0.0
P1,R7,38,0.0
P1,R7,39,0.0
P1,R8,37,0.0
P1,R8,38,0.0
P1,R8,39,0.0
P1,R9,37,0.0
P1,R9,38,0.0
P1,R9,39,0.0
P10,R1,37,0.0
P10,R1,38,0.0
P10,R1,39,0.0
P10,R10,37,0.0
P10,R10,38,0.0
P10,R10,39,0.0
P10,R11,37,0.0
P10,R11,38,0.0
P10,R11,39,0.0
P10,R12,37,0.0
P10,R12,38,0.0
P10,R12,39,0.0
P10,R13,37,0.0
P10,R13,38,0.0
P10,R13,39,0.0
P10,R14,37,0.0
P10,R14,38,0.0
P10,R14,39,0.0
P10,R15,37,0.0
P10,R15,38,0.0
P10,R15,39,0.0
P10,R16,37,0.0
P10,R16,38,0.0
P10,R16,39,0.0
P10,R17,37,0.0
P10,R17,38,0.0
P10,R17,39,0.0
P10,R18,37,0.0
P10,R18,38,0.0
P10,R18,39,0.0
P10,R2,37,0.0
P10,R2,38,0.0
P10,R2,39,0.0
P10,R3,37,0.0
P10,R3,38,0.0
P10,R3,39,0.0
P10,R4,37,0.0
P10,R4,38,0.0
P10,R4,39,0.0
P10,R5,37,0.0
P10,R5,38,0.0
P10,R5,39,0.0
P10,R6,37,0.0
P10,R6,38,0.0
P10,R6,39,0.0
P10,R7,37,0.0
P10,R7,38,0.0
P10,R7,39,0.0
P10,R8,37,0.0
P10,R8,38,0.0
P10,R8,39,0.0
P10,R9,37,0.0
P10,R9,38,0.0
P10,R9,39,0.0
P11,R1,37,0.0
P11,R1,38,0.0
P11,R1,39,0.0
P11,R10,37,0.0
P11,R10,38,0.0
P11,R10,39,0.0
P11,R11,37,0.0
P11,R11,38,0.0
P11,R11,39,0.0
P11,R12,37,0.0
P11,R12,38,0.0
P11,R12,39,0.0
P11,R13,37,0.0
P11,R13,38,0.0
P11,R13,39,0.0
P11,R14,37,0.0
P11,R14,38,0.0
P11,R14,39,0.0
P11,R15,37,0.0
P11,R15,38,0.0
P11,R15,39,0.0
P11,R16,37,0.0
P11,R16,38,0.0
P11,R16,39,0.0
P11,R17,37,0.0
P11,R17,38,0.0
P11,R17,39,0.0
P11,R18,37,0.0
P11,R18,38,0.0
P11,R18,39,0.0
P11,R2,37,0.0
P11,R2,38,0.0
P11,R2,39,0.0
P11,R3,37,0.0
P11,R3,38,0.0
P11,R3,39,0.0
P11,R4,37,0.0
P11,R4,38,0.0
P11,R4,39,0.0
P11,R5,37,0.0
P11,R5,38,0.0
P11,R5,39,0.0
P11,R6,37,0.0
P11,R6,38,0.0
P11,R6,39,0.0
P11,R7,37,0.0
P11,R7,38,0.0
P11,R7,39,0.0
P11,R8,37,0.0
P11,R8,38,0.0
P11,R8,39,0.0
P11,R9,37,0.0
P11,R9,38,0.0
P11,R9,39,0.0
P12,R1,37,0.0
P12,R1,38,0.0
P12,R1,39,0.0
P12,R10,37,0.0
P12,R10,38,0.0
P12,R10,39,0.0
P12,R11,37,0.0
P12,R11,38,0.0
P12,R11,39,0.0
P12,R12,37,0.0
P12,R12,38,0.0
P12,R12,39,0.0
P12,R13,37,0.0
P12,R13,38,0.0
P12,R13,39,0.0
P12,R14,37,0.0
P12,R14,38,0.0
P12,R14,39,0.0
P12,R15,37,0.0
P12,R15,38,0.0
P12,R15,39,0.0
P12,R16,37,0.0
P12,R16,38,0.0
P12,R16,39,0.0
P12,R17,37,0.0
P12,R17,38,0.0
P12,R17,39,0.0
P12,R18,37,0.0
P12,R18,38,0.0
P12,R18,39,0.0
P12,R2,37,0.0
P12,R2,38,0.0
P12,R2,39,0.0
P12,R3,37,0.0
P12,R3,38,0.0
P12,R3,39,0.0
P12,R4,37,0.0
P12,R4,38,0.0
P12,R4,39,0.0
P12,R5,37,0.0
P12,R5,38,0.0
P12,R5,39,0.0
P12,R6,37,0.0
P12,R6,38,0.0
P12,R6,39,0.0
P12,R7,37,0.0
P12,R7,38,0.0
P12,R7,39,0.0
P12,R8,37,0.0
P12,R8,38,0.0
P12,R8,39,0.0
P12,R9,37,0.0
P12,R9,38,0.0
P12,R9,39,0.0
P13,R1,37,0.0
P13,R1,38,0.0
P13,R1,39,0.0
P13,R10,37,61.63828911496093
P13,R10,38,61.63828911496093
P13,R10,39,61.63828911496093
P13,R11,37,25.748716757763706
P13,R11,38,25.748716757763706
P13,R11,39,25.748716757763706
P13,R12,37,20.52147987535224
P13,R12,38,20.52147987535224
P13,R12,39,20.52147987535224
P13,R13,37,0.0
P13,R13,38,0.0
P13,R13,39,0.0
P13,R14,37,0.0
P13,R14,38,0.0
P13,R14,39,0.0
P13,R15,37,0.0
P13,R15,38,0.0
P13,R15,39,0.0
P13,R16,37,0.0
P13,R16,38,0.0
P13,R16,39,0.0
P13,R17,37,0.0
P13,R17,38,0.0
P13,R17,39,0.0
P13,R18,37,20.503161863250146
P13,R18,38,20.503161863250146
P13,R18,39,20.503161863250146
P13,R2,37,0.0
P13,R2,38,0.0
P13,R2,39,0.0
P13,R3,37,41.072537380418076
P13,R3,38,41.072537380418076
P13,R3,39,41.072537380418076
P13,R4,37,0.0
P13,R4,38,0.0
P13,R4,39,0.0
P13,R5,37,0.0
P13,R5,38,0.0
P13,R5,39,0.0
P13,R6,37,155.61695713840288
P13,R6,38,155.61695713840288
P13,R6,39,155.61695713840288
P13,R7,37,0.0
P13,R7,38,0.0
P13,R7,39,0.0
P13,R8,37,51.46144136381548
P13,R8,38,51.46144136381548
P13,R8,39,51.46144136381548
P13,R9,37,0.0
P13,R9,38,0.0
P13,R9,39,0.0
P14,R1,37,0.0
P14,R1,38,0.0
P14,R1,39,0.0
P14,R10,37,0.0
P14,R10,38,0.0
P14,R10,39,0.0
P14,R11,37,0.0
P14,R11,38,0.0
P14,R11,39,0.0
P14,R12,37,0.0
P14,R12,38,0.0
P14,R12,39,0.0
P14,R13,37,0.0
P14,R13,38,0.0
P14,R13,39,0.0
P14,R14,37,0.0
P14,R14,38,0.0
P14,R14,39,0.0
P14,R15,37,0.0
P14,R15,38,0.0
P14,R15,39,0.0
P14,R16,37,0.0
P14,R16,38,0.0
P14,R16,39,0.0
P14,R17,37,0.0
P14,R17,38,0.0
P14,R17,39,0.0
P14,R18,37,0.0
P14,R18,38,0.0
P14,R18,39,0.0
P14,R2,37,0.0
P14,R2,38,0.0
P14,R2,39,0.0
P14,R3,37,0.0
P14,R3,38,0.0
P14,R3,39,0.0
P14,R4,37,0.0
P14,R4,38,0.0
P14,R4,39,0.0
P14,R5,37,0.0
P14,R5,38,0.0
P14,R5,39,0.0
P14,R6,37,301.1331801608578
P14,R6,38,301.1331801608578
P14,R6,39,301.1331801608578
P14,R7,37,0.0
P14,R7,38,0.0
P14,R7,39,0.0
P14,R8,37,0.0
P14,R8,38,0.0
P14,R8,39,0.0
P14,R9,37,0.0
P14,R9,38,0.0
P14,R9,39,0.0
P15,R1,37,0.0
P15,R1,38,0.0
P15,R1,39,0.0
P15,R10,37,0.0
P15,R10,38,0.0
P15,R10,39,0.0
P15,R11,37,873.3452270401629
P15,R11,38,873.3452270401629
P15,R11,39,873.3452270401629
P15,R12,37,0.0
P15,R12,38,0.0
P15,R12,39,0.0
P15,R13,37,0.0
P15,R13,38,0.0
P15,R13,39,0.0
P15,R14,37,0.0
P15,R14,38,0.0
P15,R14,39,0.0
P15,R15,37,0.0
P15,R15,38,0.0
P15,R15,39,0.0
P15,R16,37,0.0
P15,R16,38,0.0
P15,R16,39,0.0
P15,R17,37,0.0
P15,R17,38,0.0
P15,R17,39,0.0
P15,R18,37,0.0
P15,R18,38,0.0
P15,R18,39,0.0
P15,R2,37,0.0
P15,R2,38,0.0
P15,R2,39,0.0
P15,R3,37,0.0
P15,R3,38,0.0
P15,R3,39,0.0
P15,R4,37,0.0
P15,R4,38,0.0
P15,R4,39,0.0
P15,R5,37,0.0
P15,R5,38,0.0
P15,R5,39,0.0
P15,R6,37,0.0
P15,R6,38,0.0
P15,R6,39,0.0
P15,R7,37,0.0
P15,R7,38,0.0
P15,R7,39,0.0
P15,R8,37,0.0
P15,R8,38,0.0
P15,R8,39,0.0
P15,R9,37,0.0
P15,R9,38,0.0
P15,R9,39,0.0
P16,R1,37,0.0
P16,R1,38,0.0
P16,R1,39,0.0
P16,R10,37,15.791578807582448
P16,R10,38,15.791578807582448
P16,R10,39,15.791578807582448
P16,R11,37,0.0
P16,R11,38,0.0
P16,R11,39,0.0
P16,R12,37,0.0
P16,R12,38,0.0
P16,R12,39,0.0
P16,R13,37,0.0
P16,R13,38,0.0
P16,R13,39,0.0
P16,R14,37,0.0
P16,R14,38,0.0
P16,R14,39,0.0
P16,R15,37,0.0
P16,R15,38,0.0
P16,R15,39,0.0
P16,R16,37,0.0
P16,R16,38,0.0
P16,R16,39,0.0
P16,R17,37,0.0
P16,R17,38,0.0
P16,R17,39,0.0
P16,R18,37,0.0
P16,R18,38,0.0
P16,R18,39,0.0
P16,R2,37,0.0
P16,R2,38,0.0
P16,R2,39,0.0
P16,R3,37,0.0
P16,R3,38,0.0
P16,R3,39,0.0
P16,R4,37,9.890474131165776
P16,R4,38,9.890474131165776
P16,R4,39,9.890474131165776
P16,R5,37,0.0
P16,R5,38,0.0
P16,R5,39,0.0
P16,R6,37,195.87326143463122
P16,R6,38,195.87326143463122
P16,R6,39,195.87326143463122
P16,R7,37,0.0
P16,R7,38,0.0
P16,R7,39,0.0
P16,R8,37,0.0
P16,R8,38,0.0
P16,R8,39,0.0
P16,R9,37,0.0
P16,R9,38,0.0
P16,R9,39,0.0
P17,R1,37,0.0
P17,R1,38,0.0
P17,R1,39,0.0
P17,R10,37,0.0
P17,R10,38,0.0
P17,R10,39,0.0
P17,R11,37,0.0
P17,R11,38,0.0
P17,R11,39,0.0
P17,R12,37,0.0
P17,R12,38,0.0
P17,R12,39,0.0
P17,R13,37,0.0
P17,R13,38,0.0
P17,R13,39,0.0
P17,R14,37,0.0
P17,R14,38,0.0
P17,R14,39,0.0
P17,R15,37,0.0
P17,R15,38,0.0
P17,R15,39,0.0
P17,R16,37,0.0
P17,R16,38,0.0
P17,R16,39,0.0
P17,R17,37,0.0
P17,R17,38,0.0
P17,R17,39,0.0
P17,R18,37,0.0
P17,R18,38,0.0
P17,R18,39,0.0
P17,R2,37,0.0
P17,R2,38,0.0
P17,R2,39,0.0
P17,R3,37,0.0
P17,R3,38,0.0
P17,R3,39,0.0
P17,R4,37,0.0
P17,R4,38,0.0
P17,R4,39,0.0
P17,R5,37,0.0
P17,R5,38,0.0
P17,R5,39,0.0
P17,R6,37,40.457227261429516
P17,R6,38,40.457227261429516
P17,R6,39,40.457227261429516
P17,R7,37,0.0
P17,R7,38,0.0
P17,R7,39,0.0
P17,R8,37,0.0
P17,R8,38,0.0
P17,R8,39,0.0
P17,R9,37,0.0
P17,R9,38,0.0
P17,R9,39,0.0
P18,R1,37,0.0
P18,R1,38,0.0
P18,R1,39,0.0
P18,R10,37,0.0
P18,R10,38,0.0
P18,R10,39,0.0
P18,R11,37,0.0
P18,R11,38,0.0
P18,R11,39,0.0
P18,R12,37,0.0
P18,R12,38,0.0
P18,R12,39,0.0
P18,R13,37,0.0
P18,R13,38,0.0
P18,R13,39,0.0
P18,R14,37,0.0
P18,R14,38,0.0
P18,R14,39,0.0
P18,R15,37,0.0
P18,R15,38,0.0
P18,R15,39,0.0
P18,R16,37,0.0
P18,R16,38,0.0
P18,R16,39,0.0
P18,R17,37,0.0
P18,R17,38,0.0
P18,R17,39,0.0
P18,R18,37,0.0
P18,R18,38,0.0
P18,R18,39,0.0
P18,R2,37,0.0
P18,R2,38,0.0
P18,R2,39,0.0
P18,R3,37,0.0
P18,R3,38,0.0
P18,R3,39,0.0
P18,R4,37,0.0
P18,R4,38,0.0
P18,R4,39,0.0
P18,R5,37,0.0
P18,R5,38,0.0
P18,R5,39,0.0
P18,R6,37,0.0
P18,R6,38,0.0
P18,R6,39,0.0
P18,R7,37,0.0
P18,R7,38,0.0
P18,R7,39,0.0
P18,R8,37,0.0
P18,R8,38,0.0
P18,R8,39,0.0
P18,R9,37,0.0
P18,R9,38,0.0
P18,R9,39,0.0
P19,R1,37,0.0
P19,R1,38,0.0
P19,R1,39,0.0
P19,R10,37,8.919005304699757
P19,R10,38,8.919005304699757
P19,R10,39,8.919005304699757
P19,R11,37,5.593154880786372
P19,R11,38,5.593154880786372
P19,R11,39,5.593154880786372
P19,R12,37,7.816536398056089
P19,R12,38,7.816536398056089
P19,R12,39,7.816536398056089
P19,R13,37,3.3595738228202707
P19,R13,38,3.3595738228202707
P19,R13,39,3.3595738228202707
P19,R14,37,7.813371296062615
P19,R14,38,7.813371296062615
P19,R14,39,7.813371296062615
P19,R15,37,10.067320882345925
P19,R15,38,10.067320882345925
P19,R15,39,10.067320882345925
P19,R16,37,8.946811969513597
P19,R16,38,8.946811969513597
P19,R16,39,8.946811969513597
P19,R17,37,7.835324053410079
P19,R17,38,7.835324053410079
P19,R17,39,7.835324053410079
P19,R18,37,0.05696506371130535
P19,R18,38,0.05696506371130535
P19,R18,39,0.05696506371130535
P19,R2,37,5.5847155515017
P19,R2,38,5.5847155515017
P19,R2,39,5.5847155515017
P19,R3,37,39.224561188500935
P19,R3,38,39.224561188500935
P19,R3,39,39.224561188500935
P19,R4,37,26.87476863635066
P19,R4,38,26.87476863635066
P19,R4,39,26.87476863635066
P19,R5,37,0.015216467230997293
P19,R5,38,0.015216467230997293
P19,R5,39,0.015216467230997293
P19,R6,37,39.17575573785647
P19,R6,38,39.17575573785647
P19,R6,39,39.17575573785647
P19,R7,37,1.1687177251910672
P19,R7,38,1.1687177251910672
P19,R7,39,1.1687177251910672
P19,R8,37,8.915172315184929
P19,R8,38,8.915172315184929
P19,R8,39,8.915172315184929
P19,R9,37,0.013105445974301123
P19,R9,38,0.013105445974301123
P19,R9,39,0.013105445974301123
P2,R1,37,0.0
P2,R1,38,0.0
P2,R1,39,0.0
P2,R10,37,0.0
P2,R10,38,0.0
P2,R10,39,0.0
P2,R11,37,0.0
P2,R11,38,0.0
P2,R11,39,0.0
P2,R12,37,0.0
P2,R12,38,0.0
P2,R12,39,0.0
P2,R13,37,0.0
P2,R13,38,0.0
P2,R13,39,0.0
P2,R14,37,0.0
P2,R14,38,0.0
P2,R14,39,0.0
P2,R15,37,0.0
P2,R15,38,0.0
P2,R15,39,0.0
P2,R16,37,0.0
P2,R16,38,0.0
P2,R16,39,0.0
P2,R17,37,0.0
P2,R17,38,0.0
P2,R17,39,0.0
P2,R18,37,0.0
P2,R18,38,0.0
P2,R18,39,0.0
P2,R2,37,0.0
P2,R2,38,0.0
P2,R2,39,0.0
P2,R3,37,0.0
P2,R3,38,0.0
P2,R3,39,0.0
P2,R4,37,0.0
P2,R4,38,0.0
P2,R4,39,0.0
P2,R5,37,0.0
P2,R5,38,0.0
P2,R5,39,0.0
P2,R6,37,0.0
P2,R6,38,0.0
P2,R6,39,0.0
P2,R7,37,0.0
P2,R7,38,0.0
P2,R7,39,0.0
P2,R8,37,0.0
P2,R8,38,0.0
P2,R8,39,0.0
P2,R9,37,0.0
P2,R9,38,0.0
P2,R9,39,0.0
P20,R1,37,0.0
P20,R1,38,0.0
P20,R1,39,0.0
P20,R10,37,0.0
P20,R10,38,0.0
P20,R10,39,0.0
P20,R11,37,0.0
P20,R11,38,0.0
P20,R11,39,0.0
P20,R12,37,0.0
P20,R12,38,0.0
P20,R12,39,0.0
P20,R13,37,0.0
P20,R13,38,0.0
P20,R13,39,0.0
P20,R14,37,0.0
P20,R14,38,0.0
P20,R14,39,0.0
P20,R15,37,0.0
P20,R15,38,0.0
P20,R15,39,0.0
P20,R16,37,0.0
P20,R16,38,0.0
P20,R16,39,0.0
P20,R17,37,0.0
P20,R17,38,0.0
P20,R17,39,0.0
P20,R18,37,0.0
P20,R18,38,0.0
P20,R18,39,0.0
P20,R2,37,0.0
P20,R2,38,0.0
P20,R2,39,0.0
P20,R3,37,0.0
P20,R3,38,0.0
P20,R3,39,0.0
P20,R4,37,0.0
P20,R4,38,0.0
P20,R4,39,0.0
P20,R5,37,0.0
P20,R5,38,0.0
P20,R5,39,0.0
P20,R6,37,0.0
P20,R6,38,0.0
P20,R6,39,0.0
P20,R7,37,0.0
P20,R7,38,0.0
P20,R7,39,0.0
P20,R8,37,0.0
P20,R8,38,0.0
P20,R8,39,0.0
P20,R9,37,0.0
P20,R9,38,0.0
P20,R9,39,0.0
P21,R1,37,0.0
P21,R1,38,0.0
P21,R1,39,0.0
P21,R10,37,0.0
P21,R10,38,0.0
P21,R10,39,0.0
P21,R11,37,0.0
P21,R11,38,0.0
P21,R11,39,0.0
P21,R12,37,0.0
P21,R12,38,0.0
P21,R12,39,0.0
P21,R13,37,0.0
P21,R13,38,0.0
P21,R13,39,0.0
P21,R14,37,0.0
P21,R14,38,0.0
P21,R14,39,0.0
P21,R15,37,0.0
P21,R15,38,0.0
P21,R15,39,0.0
P21,R16,37,0.0
P21,R16,38,0.0
P21,R16,39,0.0
P21,R17,37,0.0
P21,R17,38,0.0
P21,R17,39,0.0
P21,R18,37,0.0
P21,R18,38,0.0
P21,R18,39,0.0
P21,R2,37,0.0
P21,R2,38,0.0
P21,R2,39,0.0
P21,R3,37,0.0
P21,R3,38,0.0
P21,R3,39,0.0
P21,R4,37,0.0
P21,R4,38,0.0
P21,R4,39,0.0
P21,R5,37,0.0
P21,R5,38,0.0
P21,R5,39,0.0
P21,R6,37,0.0
P21,R6,38,0.0
P21,R6,39,0.0
P21,R7,37,0.0
P21,R7,38,0.0
P21,R7,39,0.0
P21,R8,37,0.0
P21,R8,38,0.0
P21,R8,39,0.0
P21,R9,37,0.0
P21,R9,38,0.0
P21,R9,39,0.0
P22,R1,37,0.0
P22,R1,38,0.0
P22,R1,39,0.0
P22,R10,37,53.81664036038915
P22,R10,38,53.81664036038915
P22,R10,39,53.81664036038915
P22,R11,37,53.86510423636925
P22,R11,38,53.86510423636925
P22,R11,39,53.86510423636925
P22,R12,37,0.0
P22,R12,38,0.0
P22,R12,39,0.0
P22,R13,37,0.0
P22,R13,38,0.0
P22,R13,39,0.0
P22,R14,37,0.0
P22,R14,38,0.0
P22,R14,39,0.0
P22,R15,37,0.01204889615841052
P22,R15,38,0.01204889615841052
P22,R15,39,0.01204889615841052
P22,R16,37,0.0
P22,R16,38,0.0
P22,R16,39,0.0
P22,R17,37,0.0
P22,R17,38,0.0
P22,R17,39,0.0
P22,R18,37,38.35098938670299
P22,R18,38,38.35098938670299
P22,R18,39,38.35098938670299
P22,R2,37,0.0
P22,R2,38,0.0
P22,R2,39,0.0
P22,R3,37,45.99665545676021
P22,R3,38,45.99665545676021
P22,R3,39,45.99665545676021
P22,R4,37,7.678503498464098
P22,R4,38,7.678503498464098
P22,R4,39,7.678503498464098
P22,R5,37,0.0
P22,R5,38,0.0
P22,R5,39,0.0
P22,R6,37,576.803289120342
P22,R6,38,576.803289120342
P22,R6,39,576.803289120342
P22,R7,37,0.15026705516158775
P22,R7,38,0.15026705516158775
P22,R7,39,0.15026705516158775
P22,R8,37,53.79606991653801
P22,R8,38,53.79606991653801
P22,R8,39,53.79606991653801
P22,R9,37,0.10803765575308408
P22,R9,38,0.10803765575308408
P22,R9,39,0.10803765575308408
P23,R1,37,0.0
P23,R1,38,0.0
P23,R1,39,0.0
P23,R10,37,0.0
P23,R10,38,0.0
P23,R10,39,0.0
P23,R11,37,1340.1011544480737
P23,R11,38,1340.1011544480737
P23,R11,39,1340.1011544480737
P23,R12,37,0.0
P23,R12,38,0.0
P23,R12,39,0.0
P23,R13,37,0.0
P23,R13,38,0.0
P23,R13,39,0.0
P23,R14,37,0.0
P23,R14,38,0.0
P23,R14,39,0.0
P23,R15,37,0.0
P23,R15,38,0.0
P23,R15,39,0.0
P23,R16,37,0.0
P23,R16,38,0.0
P23,R16,39,0.0
P23,R17,37,0.0
P23,R17,38,0.0
P23,R17,39,0.0
P23,R18,37,0.0
P23,R18,38,0.0
P23,R18,39,0.0
P23,R2,37,0.0
P23,R2,38,0.0
P23,R2,39,0.0
P23,R3,37,0.0
P23,R3,38,0.0
P23,R3,39,0.0
P23,R4,37,0.0
P23,R4,38,0.0
P23,R4,39,0.0
P23,R5,37,0.0
P23,R5,38,0.0
P23,R5,39,0.0
P23,R6,37,0.0
P23,R6,38,0.0
P23,R6,39,0.0
P23,R7,37,0.0
P23,R7,38,0.0
P23,R7,39,0.0
P23,R8,37,0.0
P23,R8,38,0.0
P23,R8,39,0.0
P23,R9,37,0.0
P23,R9,38,0.0
P23,R9,39,0.0
P24,R1,37,0.0
P24,R1,38,0.0
P24,R1,39,0.0
P24,R10,37,92.02532341105095
P24,R10,38,92.02532341105095
P24,R10,39,92.02532341105095
P24,R11,37,0.0
P24,R11,38,0.0
P24,R11,39,0.0
P24,R12,37,0.0
P24,R12,38,0.0
P24,R12,39,0.0
P24,R13,37,0.0
P24,R13,38,0.0
P24,R13,39,0.0
P24,R14,37,0.0
P24,R14,38,0.0
P24,R14,39,0.0
P24,R15,37,0.0
P24,R15,38,0.0
P24,R15,39,0.0
P24,R16,37,0.0
P24,R16,38,0.0
P24,R16,39,0.0
P24,R17,37,0.0
P24,R17,38,0.0
P24,R17,39,0.0
P24,R18,37,0.0
P24,R18,38,0.0
P24,R18,39,0.0
P24,R2,37,0.0
P24,R2,38,0.0
P24,R2,39,0.0
P24,R3,37,0.0
P24,R3,38,0.0
P24,R3,39,0.0
P24,R4,37,0.0
P24,R4,38,0.0
P24,R4,39,0.0
P24,R5,37,0.0
P24,R5,38,0.0
P24,R5,39,0.0
P24,R6,37,13.261628127493221
P24,R6,38,13.261628127493221
P24,R6,39,13.261628127493221
P24,R7,37,0.0
P24,R7,38,0.0
P24,R7,39,0.0
P24,R8,37,0.0
P24,R8,38,0.0
P24,R8,39,0.0
P24,R9,37,0.0
P24,R9,38,0.0
P24,R9,39,0.0
P25,R1,37,0.0
P25,R1,38,0.0
P25,R1,39,0.0
P25,R10,37,0.0
P25,R10,38,0.0
P25,R10,39,0.0
P25,R11,37,0.0
P25,R11,38,0.0
P25,R11,39,0.0
P25,R12,37,0.0
P25,R12,38,0.0
P25,R12,39,0.0
P25,R13,37,0.0
P25,R13,38,0.0
P25,R13,39,0.0
P25,R14,37,0.0
P25,R14,38,0.0
P25,R14,39,0.0
P25,R15,37,0.0
P25,R15,38,0.0
P25,R15,39,0.0
P25,R16,37,0.0
P25,R16,38,0.0
P25,R16,39,0.0
P25,R17,37,0.0
P25,R17,38,0.0
P25,R17,39,0.0
P25,R18,37,0.0
P25,R18,38,0.0
P25,R18,39,0.0
P25,R2,37,0.0
P25,R2,38,0.0
P25,R2,39,0.0
P25,R3,37,0.0
P25,R3,38,0.0
P25,R3,39,0.0
P25,R4,37,0.0
P25,R4,38,0.0
P25,R4,39,0.0
P25,R5,37,0.0
P25,R5,38,0.0
P25,R5,39,0.0
P25,R6,37,0.0
P25,R6,38,0.0
P25,R6,39,0.0
P25,R7,37,68.88134188735226
P25,R7,38,68.88134188735226
P25,R7,39,68.88134188735226
P25,R8,37,0.0
P25,R8,38,0.0
P25,R8,39,0.0
P25,R9,37,0.0
P25,R9,38,0.0
P25,R9,39,0.0
P26,R1,37,0.0
P26,R1,38,0.0
P26,R1,39,0.0
P26,R10,37,0.0
P26,R10,38,0.0
P26,R10,39,0.0
P26,R11,37,0.0
P26,R11,38,0.0
P26,R11,39,0.0
P26,R12,37,0.0
P26,R12,38,0.0
P26,R12,39,0.0
P26,R13,37,0.0
P26,R13,38,0.0
P26,R13,39,0.0
P26,R14,37,0.0
P26,R14,38,0.0
P26,R14,39,0.0
P26,R15,37,0.0
P26,R15,38,0.0
P26,R15,39,0.0
P26,R16,37,0.0
P26,R16,38,0.0
P26,R16,39,0.0
P26,R17,37,0.0
P26,R17,38,0.0
P26,R17,39,0.0
P26,R18,37,0.0
P26,R18,38,0.0
P26,R18,39,0.0
P26,R2,37,0.0
P26,R2,38,0.0
P26,R2,39,0.0
P26,R3,37,6.75456737673897
P26,R3,38,6.75456737673897
P26,R3,39,6.75456737673897
P26,R4,37,51.05364936569256
P26,R4,38,51.05364936569256
P26,R4,39,51.05364936569256
P26,R5,37,0.0
P26,R5,38,0.0
P26,R5,39,0.0
P26,R6,37,110.55169502224292
P26,R6,38,110.55169502224292
P26,R6,39,110.55169502224292
P26,R7,37,0.0
P26,R7,38,0.0
P26,R7,39,0.0
P26,R8,37,0.0
P26,R8,38,0.0
P26,R8,39,0.0
P26,R9,37,0.0
P26,R9,38,0.0
P26,R9,39,0.0
P27,R1,37,0.0
P27,R1,38,0.0
P27,R1,39,0.0
P27,R10,37,0.0
P27,R10,38,0.0
P27,R10,39,0.0
P27,R11,37,0.0
P27,R11,38,0.0
P27,R11,39,0.0
P27,R12,37,0.0
P27,R12,38,0.0
P27,R12,39,0.0
P27,R13,37,0.0
P27,R13,38,0.0
P27,R13,39,0.0
P27,R14,37,0.0
P27,R14,38,0.0
P27,R14,39,0.0
P27,R15,37,0.0
P27,R15,38,0.0
P27,R15,39,0.0
P27,R16,37,0.0
P27,R16,38,0.0
P27,R16,39,0.0
P27,R17,37,0.0
P27,R17,38,0.0
P27,R17,39,0.0
P27,R18,37,0.0
P27,R18,38,0.0
P27,R18,39,0.0
P27,R2,37,0.0
P27,R2,38,0.0
P27,R2,39,0.0
P27,R3,37,14.010530541303673
P27,R3,38,14.010530541303673
P27,R3,39,14.010530541303673
P27,R4,37,0.0
P27,R4,38,0.0
P27,R4,39,0.0
P27,R5,37,0.0
P27,R5,38,0.0
P27,R5,39,0.0
P27,R6,37,14.009934196408553
P27,R6,38,14.009934196408553
P27,R6,39,14.009934196408553
P27,R7,37,0.0
P27,R7,38,0.0
P27,R7,39,0.0
P27,R8,37,0.0
P27,R8,38,0.0
P27,R8,39,0.0
P27,R9,37,0.0
P27,R9,38,0.0
P27,R9,39,0.0
P28,R1,37,0.0
P28,R1,38,0.0
P28,R1,39,0.0
P28,R10,37,0.0
P28,R10,38,0.0
P28,R10,39,0.0
P28,R11,37,0.0
P28,R11,38,0.0
P28,R11,39,0.0
P28,R12,37,0.0
P28,R12,38,0.0
P28,R12,39,0.0
P28,R13,37,0.0
P28,R13,38,0.0
P28,R13,39,0.0
P28,R14,37,0.0
P28,R14,38,0.0
P28,R14,39,0.0
P28,R15,37,0.0
P28,R15,38,0.0
P28,R15,39,0.0
P28,R16,37,0.0
P28,R16,38,0.0
P28,R16,39,0.0
P28,R17,37,0.0
P28,R17,38,0.0
P28,R17,39,0.0
P28,R18,37,0.0
P28,R18,38,0.0
P28,R18,39,0.0
P28,R2,37,0.0
P28,R2,38,0.0
P28,R2,39,0.0
P28,R3,37,0.0
P28,R3,38,0.0
P28,R3,39,0.0
P28,R4,37,0.0
P28,R4,38,0.0
P28,R4,39,0.0
P28,R5,37,0.0
P28,R5,38,0.0
P28,R5,39,0.0
P28,R6,37,0.0
P28,R6,38,0.0
P28,R6,39,0.0
P28,R7,37,0.0
P28,R7,38,0.0
P28,R7,39,0.0
P28,R8,37,0.0
P28,R8,38,0.0
P28,R8,39,0.0
P28,R9,37,0.0
P28,R9,38,0.0
P28,R9,39,0.0
P29,R1,37,0.0
P29,R1,38,0.0
P29,R1,39,0.0
P29,R10,37,0.0
P29,R10,38,0.0
P29,R10,39,0.0
P29,R11,37,0.0
P29,R11,38,0.0
P29,R11,39,0.0
P29,R12,37,0.0
P29,R12,38,0.0
P29,R12,39,0.0
P29,R13,37,0.0
P29,R13,38,0.0
P29,R13,39,0.0
P29,R14,37,0.0
P29,R14,38,0.0
P29,R14,39,0.0
P29,R15,37,0.0
P29,R15,38,0.0
P29,R15,39,0.0
P29,R16,37,0.0
P29,R16,38,0.0
P29,R16,39,0.0
P29,R17,37,0.0
P29,R17,38,0.0
P29,R17,39,0.0
P29,R18,37,0.0
P29,R18,38,0.0
P29,R18,39,0.0
P29,R2,37,0.0
P29,R2,38,0.0
P29,R2,39,0.0
P29,R3,37,0.0
P29,R3,38,0.0
P29,R3,39,0.0
P29,R4,37,40.88876839783782
P29,R4,38,40.88876839783782
P29,R4,39,40.88876839783782
P29,R5,37,0.0
P29,R5,38,0.0
P29,R5,39,0.0
P29,R6,37,45.26434799727483
P29,R6,38,45.26434799727483
P29,R6,39,45.26434799727483
P29,R7,37,0.0
P29,R7,38,0.0
P29,R7,39,0.0
P29,R8,37,0.0
P29,R8,38,0.0
P29,R8,39,0.0
P29,R9,37,0.0
P29,R9,38,0.0
P29,R9,39,0.0
P3,R1,37,0.0
P3,R1,38,0.0
P3,R1,39,0.0
P3,R10,37,0.0
P3,R10,38,0.0
P3,R10,39,0.0
P3,R11,37,27.631852543868916
P3,R11,38,27.631852543868916
P3,R11,39,27.631852543868916
P3,R12,37,0.0
P3,R12,38,0.0
P3,R12,39,0.0
P3,R13,37,0.0
P3,R13,38,0.0
P3,R13,39,0.0
P3,R14,37,0.0
P3,R14,38,0.0
P3,R14,39,0.0
P3,R15,37,0.0
P3,R15,38,0.0
P3,R15,39,0.0
P3,R16,37,0.0
P3,R16,38,0.0
P3,R16,39,0.0
P3,R17,37,0.0
P3,R17,38,0.0
P3,R17,39,0.0
P3,R18,37,178.26780103381955
P3,R18,38,178.26780103381955
P3,R18,39,178.26780103381955
P3,R2,37,0.0
P3,R2,38,0.0
P3,R2,39,0.0
P3,R3,37,0.0
P3,R3,38,0.0
P3,R3,39,0.0
P3,R4,37,0.0
P3,R4,38,0.0
P3,R4,39,0.0
P3,R5,37,22.46044535349625
P3,R5,38,22.46044535349625
P3,R5,39,22.46044535349625
P3,R6,37,0.0
P3,R6,38,0.0
P3,R6,39,0.0
P3,R7,37,61.216149274171286
P3,R7,38,61.216149274171286
P3,R7,39,61.216149274171286
P3,R8,37,278.1039435254326
P3,R8,38,278.1039435254326
P3,R8,39,278.1039435254326
P3,R9,37,0.0
P3,R9,38,0.0
P3,R9,39,0.0
P30,R1,37,0.0
P30,R1,38,0.0
P30,R1,39,0.0
P30,R10,37,0.0
P30,R10,38,0.0
P30,R10,39,0.0
P30,R11,37,0.0
P30,R11,38,0.0
P30,R11,39,0.0
P30,R12,37,0.0
P30,R12,38,0.0
P30,R12,39,0.0
P30,R13,37,0.0
P30,R13,38,0.0
P30,R13,39,0.0
P30,R14,37,0.0
P30,R14,38,0.0
P30,R14,39,0.0
P30,R15,37,0.0
P30,R15,38,0.0
P30,R15,39,0.0
P30,R16,37,0.0
P30,R16,38,0.0
P30,R16,39,0.0
P30,R17,37,0.0
P30,R17,38,0.0
P30,R17,39,0.0
P30,R18,37,0.0
P30,R18,38,0.0
P30,R18,39,0.0
P30,R2,37,0.0
P30,R2,38,0.0
P30,R2,39,0.0
P30,R3,37,0.0
P30,R3,38,0.0
P30,R3,39,0.0
P30,R4,37,0.0
P30,R4,38,0.0
P30,R4,39,0.0
P30,R5,37,0.0
P30,R5,38,0.0
P30,R5,39,0.0
P30,R6,37,0.0
P30,R6,38,0.0
P30,R6,39,0.0
P30,R7,37,0.0
P30,R7,38,0.0
P30,R7,39,0.0
P30,R8,37,0.0
P30,R8,38,0.0
P30,R8,39,0.0
P30,R9,37,0.0
P30,R9,38,0.0
P30,R9,39,0.0
P31,R1,37,0.0
P31,R1,38,0.0
P31,R1,39,0.0
P31,R10,37,0.0
P31,R10,38,0.0
P31,R10,39,0.0
P31,R11,37,231.4383950766651
P31,R11,38,231.4383950766651
P31,R11,39,231.4383950766651
P31,R12,37,0.0
P31,R12,38,0.0
P31,R12,39,0.0
P31,R13,37,0.0
P31,R13,38,0.0
P31,R13,39,0.0
P31,R14,37,0.0
P31,R14,38,0.0
P31,R14,39,0.0
P31,R15,37,0.0
P31,R15,38,0.0
P31,R15,39,0.0
P31,R16,37,0.0
P31,R16,38,0.0
P31,R16,39,0.0
P31,R17,37,0.0
P31,R17,38,0.0
P31,R17,39,0.0
P31,R18,37,0.0
P31,R18,38,0.0
P31,R18,39,0.0
P31,R2,37,0.0
P31,R2,38,0.0
P31,R2,39,0.0
P31,R3,37,0.0
P31,R3,38,0.0
P31,R3,39,0.0
P31,R4,37,0.0
P31,R4,38,0.0
P31,R4,39,0.0
P31,R5,37,0.0
P31,R5,38,0.0
P31,R5,39,0.0
P31,R6,37,9.86049306498643
P31,R6,38,9.86049306498643
P31,R6,39,9.86049306498643
P31,R7,37,9.858969448235772
P31,R7,38,9.858969448235772
P31,R7,39,9.858969448235772
P31,R8,37,0.0
P31,R8,38,0.0
P31,R8,39,0.0
P31,R9,37,0.0
P31,R9,38,0.0
P31,R9,39,0.0
P32,R1,37,0.0
P32,R1,38,0.0
P32,R1,39,0.0
P32,R10,37,0.0
P32,R10,38,0.0
P32,R10,39,0.0
P32,R11,37,0.0
P32,R11,38,0.0
P32,R11,39,0.0
P32,R12,37,0.0
P32,R12,38,0.0
P32,R12,39,0.0
P32,R13,37,0.0
P32,R13,38,0.0
P32,R13,39,0.0
P32,R14,37,0.0
P32,R14,38,0.0
P32,R14,39,0.0
P32,R15,37,0.0
P32,R15,38,0.0
P32,R15,39,0.0
P32,R16,37,0.0
P32,R16,38,0.0
P32,R16,39,0.0
P32,R17,37,0.0
P32,R17,38,0.0
P32,R17,39,0.0
P32,R18,37,0.0
P32,R18,38,0.0
P32,R18,39,0.0
P32,R2,37,0.0
P32,R2,38,0.0
P32,R2,39,0.0
P32,R3,37,0.0
P32,R3,38,0.0
P32,R3,39,0.0
P32,R4,37,0.0
P32,R4,38,0.0
P32,R4,39,0.0
P32,R5,37,0.0
P32,R5,38,0.0
P32,R5,39,0.0
P32,R6,37,0.0
P32,R6,38,0.0
P32,R6,39,0.0
P32,R7,37,0.0
P32,R7,38,0.0
P32,R7,39,0.0
P32,R8,37,0.0
P32,R8,38,0.0
P32,R8,39,0.0
P32,R9,37,0.0
P32,R9,38,0.0
P32,R9,39,0.0
P33,R1,37,0.0
P33,R1,38,0.0
P33,R1,39,0.0
P33,R10,37,0.0
P33,R10,38,0.0
P33,R10,39,0.0
P33,R11,37,0.9872951823999261
P33,R11,38,0.9872951823999261
P33,R11,39,0.9872951823999261
P33,R12,37,0.0
P33,R12,38,0.0
P33,R12,39,0.0
P33,R13,37,0.0
P33,R13,38,0.0
P33,R13,39,0.0
P33,R14,37,0.0
P33,R14,38,0.0
P33,R14,39,0.0
P33,R15,37,0.0
P33,R15,38,0.0
P33,R15,39,0.0
P33,R16,37,0.0
P33,R16,38,0.0
P33,R16,39,0.0
P33,R17,37,0.0
P33,R17,38,0.0
P33,R17,39,0.0
P33,R18,37,0.13442817067985002
P33,R18,38,0.13442817067985002
P33,R18,39,0.13442817067985002
P33,R2,37,0.0
P33,R2,38,0.0
P33,R2,39,0.0
P33,R3,37,0.0
P33,R3,38,0.0
P33,R3,39,0.0
P33,R4,37,0.0
P33,R4,38,0.0
P33,R4,39,0.0
P33,R5,37,0.0
P33,R5,38,0.0
P33,R5,39,0.0
P33,R6,37,0.09072800528878765
P33,R6,38,0.09072800528878765
P33,R6,39,0.09072800528878765
P33,R7,37,0.23424697537887035
P33,R7,38,0.23424697537887035
P33,R7,39,0.23424697537887035
P33,R8,37,0.2505815584737046
P33,R8,38,0.2505815584737046
P33,R8,39,0.2505815584737046
P33,R9,37,0.0
P33,R9,38,0.0
P33,R9,39,0.0
P34,R1,37,0.0
P34,R1,38,0.0
P34,R1,39,0.0
P34,R10,37,0.0
P34,R10,38,0.0
P34,R10,39,0.0
P34,R11,37,16.351694605598244
P34,R11,38,16.351694605598244
P34,R11,39,16.351694605598244
P34,R12,37,0.030626631466088742
P34,R12,38,0.030626631466088742
P34,R12,39,0.030626631466088742
P34,R13,37,0.0
P34,R13,38,0.0
P34,R13,39,0.0
P34,R14,37,0.0
P34,R14,38,0.0
P34,R14,39,0.0
P34,R15,37,46.54822115718604
P34,R15,38,46.54822115718604
P34,R15,39,46.54822115718604
P34,R16,37,0.0
P34,R16,38,0.0
P34,R16,39,0.0
P34,R17,37,0.0
P34,R17,38,0.0
P34,R17,39,0.0
P34,R18,37,62.82219554585656
P34,R18,38,62.82219554585656
P34,R18,39,62.82219554585656
P34,R2,37,0.0
P34,R2,38,0.0
P34,R2,39,0.0
P34,R3,37,0.0
P34,R3,38,0.0
P34,R3,39,0.0
P34,R4,37,0.0
P34,R4,38,0.0
P34,R4,39,0.0
P34,R5,37,0.0
P34,R5,38,0.0
P34,R5,39,0.0
P34,R6,37,0.0
P34,R6,38,0.0
P34,R6,39,0.0
P34,R7,37,42.00646168254957
P34,R7,38,42.00646168254957
P34,R7,39,42.00646168254957
P34,R8,37,55.91260884374939
P34,R8,38,55.91260884374939
P34,R8,39,55.91260884374939
P34,R9,37,11.603358571953365
P34,R9,38,11.603358571953365
P34,R9,39,11.603358571953365
P35,R1,37,0.0
P35,R1,38,0.0
P35,R1,39,0.0
P35,R10,37,0.0
P35,R10,38,0.0
P35,R10,39,0.0
P35,R11,37,843.8461844268498
P35,R11,38,843.8461844268498
P35,R11,39,843.8461844268498
P35,R12,37,0.0
P35,R12,38,0.0
P35,R12,39,0.0
P35,R13,37,0.0
P35,R13,38,0.0
P35,R13,39,0.0
P35,R14,37,0.0
P35,R14,38,0.0
P35,R14,39,0.0
P35,R15,37,0.0
P35,R15,38,0.0
P35,R15,39,0.0
P35,R16,37,0.0
P35,R16,38,0.0
P35,R16,39,0.0
P35,R17,37,0.0
P35,R17,38,0.0
P35,R17,39,0.0
P35,R18,37,76.76388407198317
P35,R18,38,76.76388407198317
P35,R18,39,76.76388407198317
P35,R2,37,0.0
P35,R2,38,0.0
P35,R2,39,0.0
P35,R3,37,0.0
P35,R3,38,0.0
P35,R3,39,0.0
P35,R4,37,0.0
P35,R4,38,0.0
P35,R4,39,0.0
P35,R5,37,0.0
P35,R5,38,0.0
P35,R5,39,0.0
P35,R6,37,0.0
P35,R6,38,0.0
P35,R6,39,0.0
P35,R7,37,0.0
P35,R7,38,0.0
P35,R7,39,0.0
P35,R8,37,0.0
P35,R8,38,0.0
P35,R8,39,0.0
P35,R9,37,51.39113184074989
P35,R9,38,51.39113184074989
P35,R9,39,51.39113184074989
P36,R1,37,0.0
P36,R1,38,0.0
P36,R1,39,0.0
P36,R10,37,0.0
P36,R10,38,0.0
P36,R10,39,0.0
P36,R11,37,11.965304161365527
P36,R11,38,11.965304161365527
P36,R11,39,11.965304161365527
P36,R12,37,0.0
P36,R12,38,0.0
P36,R12,39,0.0
P36,R13,37,0.0
P36,R13,38,0.0
P36,R13,39,0.0
P36,R14,37,0.0
P36,R14,38,0.0
P36,R14,39,0.0
P36,R15,37,0.0
P36,R15,38,0.0
P36,R15,39,0.0
P36,R16,37,0.0
P36,R16,38,0.0
P36,R16,39,0.0
P36,R17,37,0.0
P36,R17,38,0.0
P36,R17,39,0.0
P36,R18,37,0.0
P36,R18,38,0.0
P36,R18,39,0.0
P36,R2,37,0.0
P36,R2,38,0.0
P36,R2,39,0.0
P36,R3,37,0.0
P36,R3,38,0.0
P36,R3,39,0.0
P36,R4,37,18.884264870296775
P36,R4,38,18.884264870296775
P36,R4,39,18.884264870296775
P36,R5,37,0.0
P36,R5,38,0.0
P36,R5,39,0.0
P36,R6,37,37.77537199935806
P36,R6,38,37.77537199935806
P36,R6,39,37.77537199935806
P36,R7,37,0.0
P36,R7,38,0.0
P36,R7,39,0.0
P36,R8,37,0.0
P36,R8,38,0.0
P36,R8,39,0.0
P36,R9,37,0.0
P36,R9,38,0.0
P36,R9,39,0.0
P37,R1,37,0.0
P37,R1,38,0.0
P37,R1,39,0.0
P37,R10,37,0.0
P37,R10,38,0.0
P37,R10,39,0.0
P37,R11,37,342.9983670016078
P37,R11,38,342.9983670016078
P37,R11,39,342.9983670016078
P37,R12,37,0.0
P37,R12,38,0.0
P37,R12,39,0.0
P37,R13,37,0.0
P37,R13,38,0.0
P37,R13,39,0.0
P37,R14,37,0.0
P37,R14,38,0.0
P37,R14,39,0.0
P37,R15,37,0.0
P37,R15,38,0.0
P37,R15,39,0.0
P37,R16,37,5.759127469621233
P37,R16,38,5.759127469621233
P37,R16,39,5.759127469621233
P37,R17,37,0.0
P37,R17,38,0.0
P37,R17,39,0.0
P37,R18,37,0.0
P37,R18,38,0.0
P37,R18,39,0.0
P37,R2,37,0.0
P37,R2,38,0.0
P37,R2,39,0.0
P37,R3,37,0.0
P37,R3,38,0.0
P37,R3,39,0.0
P37,R4,37,0.0
P37,R4,38,0.0
P37,R4,39,0.0
P37,R5,37,0.0
P37,R5,38,0.0
P37,R5,39,0.0
P37,R6,37,0.0
P37,R6,38,0.0
P37,R6,39,0.0
P37,R7,37,68.5666534209793
P37,R7,38,68.5666534209793
P37,R7,39,68.5666534209793
P37,R8,37,97.13270510607305
P37,R8,38,97.13270510607305
P37,R8,39,97.13270510607305
P37,R9,37,45.605077718516775
P37,R9,38,45.605077718516775
P37,R9,39,45.605077718516775
P38,R1,37,0.0
P38,R1,38,0.0
P38,R1,39,0.0
P38,R10,37,0.0
P38,R10,38,0.0
P38,R10,39,0.0
P38,R11,37,0.0
P38,R11,38,0.0
P38,R11,39,0.0
P38,R12,37,0.0
P38,R12,38,0.0
P38,R12,39,0.0
P38,R13,37,0.0
P38,R13,38,0.0
P38,R13,39,0.0
P38,R14,37,0.0
P38,R14,38,0.0
P38,R14,39,0.0
P38,R15,37,0.0
P38,R15,38,0.0
P38,R15,39,0.0
P38,R16,37,0.0
P38,R16,38,0.0
P38,R16,39,0.0
P38,R17,37,0.0
P38,R17,38,0.0
P38,R17,39,0.0
P38,R18,37,0.0
P38,R18,38,0.0
P38,R18,39,0.0
P38,R2,37,0.0
P38,R2,38,0.0
P38,R2,39,0.0
P38,R3,37,0.0
P38,R3,38,0.0
P38,R3,39,0.0
P38,R4,37,0.0
P38,R4,38,0.0
P38,R4,39,0.0
P38,R5,37,0.0
P38,R5,38,0.0
P38,R5,39,0.0
P38,R6,37,0.0
P38,R6,38,0.0
P38,R6,39,0.0
P38,R7,37,0.0
P38,R7,38,0.0
P38,R7,39,0.0
P38,R8,37,0.0
P38,R8,38,0.0
P38,R8,39,0.0
P38,R9,37,0.0
P38,R9,38,0.0
P38,R9,39,0.0
P39,R1,37,0.0
P39,R1,38,0.0
P39,R1,39,0.0
P39,R10,37,0.0
P39,R10,38,0.0
P39,R10,39,0.0
P39,R11,37,0.0
P39,R11,38,0.0
P39,R11,39,0.0
P39,R12,37,0.0
P39,R12,38,0.0
P39,R12,39,0.0
P39,R13,37,0.0
P39,R13,38,0.0
P39,R13,39,0.0
P39,R14,37,0.0
P39,R14,38,0.0
P39,R14,39,0.0
P39,R15,37,0.0
P39,R15,38,0.0
P39,R15,39,0.0
P39,R16,37,0.0
P39,R16,38,0.0
P39,R16,39,0.0
P39,R17,37,0.0
P39,R17,38,0.0
P39,R17,39,0.0
P39,R18,37,0.0
P39,R18,38,0.0
P39,R18,39,0.0
P39,R2,37,0.0
P39,R2,38,0.0
P39,R2,39,0.0
P39,R3,37,0.0
P39,R3,38,0.0
P39,R3,39,0.0
P39,R4,37,0.0
P39,R4,38,0.0
P39,R4,39,0.0
P39,R5,37,58.30232402296161
P39,R5,38,58.30232402296161
P39,R5,39,58.30232402296161
P39,R6,37,22.37182642079441
P39,R6,38,22.37182642079441
P39,R6,39,22.37182642079441
P39,R7,37,0.0
P39,R7,38,0.0
P39,R7,39,0.0
P39,R8,37,0.0
P39,R8,38,0.0
P39,R8,39,0.0
P39,R9,37,0.0
P39,R9,38,0.0
P39,R9,39,0.0
P4,R1,37,0.0
P4,R1,38,0.0
P4,R1,39,0.0
P4,R10,37,0.0
P4,R10,38,0.0
P4,R10,39,0.0
P4,R11,37,7355.8124959987945
P4,R11,38,7355.8124959987945
P4,R11,39,7355.8124959987945
P4,R12,37,0.0
P4,R12,38,0.0
P4,R12,39,0.0
P4,R13,37,0.0
P4,R13,38,0.0
P4,R13,39,0.0
P4,R14,37,0.0
P4,R14,38,0.0
P4,R14,39,0.0
P4,R15,37,0.0
P4,R15,38,0.0
P4,R15,39,0.0
P4,R16,37,0.0
P4,R16,38,0.0
P4,R16,39,0.0
P4,R17,37,0.0
P4,R17,38,0.0
P4,R17,39,0.0
P4,R18,37,0.0
P4,R18,38,0.0
P4,R18,39,0.0
P4,R2,37,0.0
P4,R2,38,0.0
P4,R2,39,0.0
P4,R3,37,0.0
P4,R3,38,0.0
P4,R3,39,0.0
P4,R4,37,0.0
P4,R4,38,0.0
P4,R4,39,0.0
P4,R5,37,0.0
P4,R5,38,0.0
P4,R5,39,0.0
P4,R6,37,0.0
P4,R6,38,0.0
P4,R6,39,0.0
P4,R7,37,0.0
P4,R7,38,0.0
P4,R7,39,0.0
P4,R8,37,0.0
P4,R8,38,0.0
P4,R8,39,0.0
P4,R9,37,0.0
P4,R9,38,0.0
P4,R9,39,0.0
P40,R1,37,0.0
P40,R1,38,0.0
P40,R1,39,0.0
P40,R10,37,0.0
P40,R10,38,0.0
P40,R10,39,0.0
P40,R11,37,0.0
P40,R11,38,0.0
P40,R11,39,0.0
P40,R12,37,0.0
P40,R12,38,0.0
P40,R12,39,0.0
P40,R13,37,0.0
P40,R13,38,0.0
P40,R13,39,0.0
P40,R14,37,0.0
P40,R14,38,0.0
P40,R14,39,0.0
P40,R15,37,0.0
P40,R15,38,0.0
P40,R15,39,0.0
P40,R16,37,0.0
P40,R16,38,0.0
P40,R16,39,0.0
P40,R17,37,0.0
P40,R17,38,0.0
P40,R17,39,0.0
P40,R18,37,0.0
P40,R18,38,0.0
P40,R18,39,0.0
P40,R2,37,0.0
P40,R2,38,0.0
P40,R2,39,0.0
P40,R3,37,0.0
P40,R3,38,0.0
P40,R3,39,0.0
P40,R4,37,0.0
P40,R4,38,0.0
P40,R4,39,0.0
P40,R5,37,0.0
P40,R5,38,0.0
P40,R5,39,0.0
P40,R6,37,962.2932461650606
P40,R6,38,962.2932461650606
P40,R6,39,962.2932461650606
P40,R7,37,0.0
P40,R7,38,0.0
P40,R7,39,0.0
P40,R8,37,0.0
P40,R8,38,0.0
P40,R8,39,0.0
P40,R9,37,0.0
P40,R9,38,0.0
P40,R9,39,0.0
P41,R1,37,0.0
P41,R1,38,0.0
P41,R1,39,0.0
P41,R10,37,0.0
P41,R10,38,0.0
P41,R10,39,0.0
P41,R11,37,0.0
P41,R11,38,0.0
P41,R11,39,0.0
P41,R12,37,0.0
P41,R12,38,0.0
P41,R12,39,0.0
P41,R13,37,0.0
P41,R13,38,0.0
P41,R13,39,0.0
P41,R14,37,0.0
P41,R14,38,0.0
P41,R14,39,0.0
P41,R15,37,0.0
P41,R15,38,0.0
P41,R15,39,0.0
P41,R16,37,0.0
P41,R16,38,0.0
P41,R16,39,0.0
P41,R17,37,0.0
P41,R17,38,0.0
P41,R17,39,0.0
P41,R18,37,0.0
P41,R18,38,0.0
P41,R18,39,0.0
P41,R2,37,0.0
P41,R2,38,0.0
P41,R2,39,0.0
P41,R3,37,0.0
P41,R3,38,0.0
P41,R3,39,0.0
P41,R4,37,0.0
P41,R4,38,0.0
P41,R4,39,0.0
P41,R5,37,0.0
P41,R5,38,0.0
P41,R5,39,0.0
P41,R6,37,1998.4121200425986
P41,R6,38,1998.4121200425986
P41,R6,39,1998.4121200425986
P41,R7,37,0.0
P41,R7,38,0.0
P41,R7,39,0.0
P41,R8,37,0.0
P41,R8,38,0.0
P41,R8,39,0.0
P41,R9,37,0.0
P41,R9,38,0.0
P41,R9,39,0.0
P42,R1,37,0.0
P42,R1,38,0.0
P42,R1,39,0.0
P42,R10,37,0.0
P42,R10,38,0.0
P42,R10,39,0.0
P42,R11,37,0.0
P42,R11,38,0.0
P42,R11,39,0.0
P42,R12,37,0.0
P42,R12,38,0.0
P42,R12,39,0.0
P42,R13,37,0.0
P42,R13,38,0.0
P42,R13,39,0.0
P42,R14,37,0.0
P42,R14,38,0.0
P42,R14,39,0.0
P42,R15,37,0.0
P42,R15,38,0.0
P42,R15,39,0.0
P42,R16,37,0.0
P42,R16,38,0.0
P42,R16,39,0.0
P42,R17,37,0.0
P42,R17,38,0.0
P42,R17,39,0.0
P42,R18,37,0.0
P42,R18,38,0.0
P42,R18,39,0.0
P42,R2,37,0.0
P42,R2,38,0.0
P42,R2,39,0.0
P42,R3,37,0.0
P42,R3,38,0.0
P42,R3,39,0.0
P42,R4,37,0.0
P42,R4,38,0.0
P42,R4,39,0.0
P42,R5,37,0.0
P42,R5,38,0.0
P42,R5,39,0.0
P42,R6,37,0.0
P42,R6,38,0.0
P42,R6,39,0.0
P42,R7,37,0.0
P42,R7,38,0.0
P42,R7,39,0.0
P42,R8,37,0.0
P42,R8,38,0.0
P42,R8,39,0.0
P42,R9,37,0.0
P42,R9,38,0.0
P42,R9,39,0.0
P43,R1,37,0.0
P43,R1,38,0.0
P43,R1,39,0.0
P43,R10,37,0.0
P43,R10,38,0.0
P43,R10,39,0.0
P43,R11,37,78.06874268093397
P43,R11,38,78.06874268093397
P43,R11,39,78.06874268093397
P43,R12,37,26.044872893624937
P43,R12,38,26.044872893624937
P43,R12,39,26.044872893624937
P43,R13,37,0.0
P43,R13,38,0.0
P43,R13,39,0.0
P43,R14,37,0.0
P43,R14,38,0.0
P43,R14,39,0.0
P43,R15,37,423.3982549141362
P43,R15,38,423.3982549141362
P43,R15,39,423.3982549141362
P43,R16,37,0.0
P43,R16,38,0.0
P43,R16,39,0.0
P43,R17,37,0.0
P43,R17,38,0.0
P43,R17,39,0.0
P43,R18,37,19.454172522648488
P43,R18,38,19.454172522648488
P43,R18,39,19.454172522648488
P43,R2,37,0.0
P43,R2,38,0.0
P43,R2,39,0.0
P43,R3,37,0.0
P43,R3,38,0.0
P43,R3,39,0.0
P43,R4,37,110.8599312783759
P43,R4,38,110.8599312783759
P43,R4,39,110.8599312783759
P43,R5,37,0.0
P43,R5,38,0.0
P43,R5,39,0.0
P43,R6,37,26.163974492247828
P43,R6,38,26.163974492247828
P43,R6,39,26.163974492247828
P43,R7,37,39.04159659896701
P43,R7,38,39.04159659896701
P43,R7,39,39.04159659896701
P43,R8,37,0.0
P43,R8,38,0.0
P43,R8,39,0.0
P43,R9,37,0.0
P43,R9,38,0.0
P43,R9,39,0.0
P44,R1,37,0.0
P44,R1,38,0.0
P44,R1,39,0.0
P44,R10,37,0.0
P44,R10,38,0.0
P44,R10,39,0.0
P44,R11,37,0.0
P44,R11,38,0.0
P44,R11,39,0.0
P44,R12,37,0.0
P44,R12,38,0.0
P44,R12,39,0.0
P44,R13,37,0.0
P44,R13,38,0.0
P44,R13,39,0.0
P44,R14,37,0.0
P44,R14,38,0.0
P44,R14,39,0.0
P44,R15,37,0.0
P44,R15,38,0.0
P44,R15,39,0.0
P44,R16,37,0.0
P44,R16,38,0.0
P44,R16,39,0.0
P44,R17,37,0.0
P44,R17,38,0.0
P44,R17,39,0.0
P44,R18,37,0.0
P44,R18,38,0.0
P44,R18,39,0.0
P44,R2,37,0.0
P44,R2,38,0.0
P44,R2,39,0.0
P44,R3,37,0.0
P44,R3,38,0.0
P44,R3,39,0.0
P44,R4,37,0.0
P44,R4,38,0.0
P44,R4,39,0.0
P44,R5,37,0.0
P44,R5,38,0.0
P44,R5,39,0.0
P44,R6,37,0.0
P44,R6,38,0.0
P44,R6,39,0.0
P44,R7,37,0.0
P44,R7,38,0.0
P44,R7,39,0.0
P44,R8,37,0.0
P44,R8,38,0.0
P44,R8,39,0.0
P44,R9,37,0.0
P44,R9,38,0.0
P44,R9,39,0.0
P45,R1,37,0.0
P45,R1,38,0.0
P45,R1,39,0.0
P45,R10,37,0.0
P45,R10,38,0.0
P45,R10,39,0.0
P45,R11,37,0.0
P45,R11,38,0.0
P45,R11,39,0.0
P45,R12,37,0.0
P45,R12,38,0.0
P45,R12,39,0.0
P45,R13,37,0.0
P45,R13,38,0.0
P45,R13,39,0.0
P45,R14,37,0.0
P45,R14,38,0.0
P45,R14,39,0.0
P45,R15,37,0.0
P45,R15,38,0.0
P45,R15,39,0.0
P45,R16,37,0.0
P45,R16,38,0.0
P45,R16,39,0.0
P45,R17,37,0.0
P45,R17,38,0.0
P45,R17,39,0.0
P45,R18,37,0.0
P45,R18,38,0.0
P45,R18,39,0.0
P45,R2,37,0.0
P45,R2,38,0.0
P45,R2,39,0.0
P45,R3,37,0.0
P45,R3,38,0.0
P45,R3,39,0.0
P45,R4,37,0.0
P45,R4,38,0.0
P45,R4,39,0.0
P45,R5,37,0.0
P45,R5,38,0.0
P45,R5,39,0.0
P45,R6,37,0.0
P45,R6,38,0.0
P45,R6,39,0.0
P45,R7,37,0.0
P45,R7,38,0.0
P45,R7,39,0.0
P45,R8,37,0.0
P45,R8,38,0.0
P45,R8,39,0.0
P45,R9,37,0.0
P45,R9,38,0.0
P45,R9,39,0.0
P46,R1,37,0.0
P46,R1,38,0.0
P46,R1,39,0.0
P46,R10,37,0.0
P46,R10,38,0.0
P46,R10,39,0.0
P46,R11,37,0.0
P46,R11,38,0.0
P46,R11,39,0.0
P46,R12,37,0.0
P46,R12,38,0.0
P46,R12,39,0.0
P46,R13,37,0.0
P46,R13,38,0.0
P46,R13,39,0.0
P46,R14,37,0.0
P46,R14,38,0.0
P46,R14,39,0.0
P46,R15,37,0.0
P46,R15,38,0.0
P46,R15,39,0.0
P46,R16,37,0.0
P46,R16,38,0.0
P46,R16,39,0.0
P46,R17,37,0.0
P46,R17,38,0.0
P46,R17,39,0.0
P46,R18,37,0.0
P46,R18,38,0.0
P46,R18,39,0.0
P46,R2,37,0.0
P46,R2,38,0.0
P46,R2,39,0.0
P46,R3,37,0.0
P46,R3,38,0.0
P46,R3,39,0.0
P46,R4,37,0.0
P46,R4,38,0.0
P46,R4,39,0.0
P46,R5,37,0.0
P46,R5,38,0.0
P46,R5,39,0.0
P46,R6,37,0.0
P46,R6,38,0.0
P46,R6,39,0.0
P46,R7,37,0.0
P46,R7,38,0.0
P46,R7,39,0.0
P46,R8,37,0.0
P46,R8,38,0.0
P46,R8,39,0.0
P46,R9,37,0.0
P46,R9,38,0.0
P46,R9,39,0.0
P47,R1,37,0.0
P47,R1,38,0.0
P47,R1,39,0.0
P47,R10,37,0.0
P47,R10,38,0.0
P47,R10,39,0.0
P47,R11,37,12.544616156624622
P47,R11,38,12.544616156624622
P47,R11,39,12.544616156624622
P47,R12,37,0.0
P47,R12,38,0.0
P47,R12,39,0.0
P47,R13,37,0.0
P47,R13,38,0.0
P47,R13,39,0.0
P47,R14,37,0.0
P47,R14,38,0.0
P47,R14,39,0.0
P47,R15,37,13.535419460663116
P47,R15,38,13.535419460663116
P47,R15,39,13.535419460663116
P47,R16,37,0.0
P47,R16,38,0.0
P47,R16,39,0.0
P47,R17,37,0.0
P47,R17,38,0.0
P47,R17,39,0.0
P47,R18,37,1.524605464000474
P47,R18,38,1.524605464000474
P47,R18,39,1.524605464000474
P47,R2,37,0.0
P47,R2,38,0.0
P47,R2,39,0.0
P47,R3,37,0.0
P47,R3,38,0.0
P47,R3,39,0.0
P47,R4,37,0.0
P47,R4,38,0.0
P47,R4,39,0.0
P47,R5,37,0.0
P47,R5,38,0.0
P47,R5,39,0.0
P47,R6,37,22.072581672465294
P47,R6,38,22.072581672465294
P47,R6,39,22.072581672465294
P47,R7,37,0.0
P47,R7,38,0.0
P47,R7,39,0.0
P47,R8,37,0.0
P47,R8,38,0.0
P47,R8,39,0.0
P47,R9,37,0.0
P47,R9,38,0.0
P47,R9,39,0.0
P48,R1,37,0.0
P48,R1,38,0.0
P48,R1,39,0.0
P48,R10,37,0.0
P48,R10,38,0.0
P48,R10,39,0.0
P48,R11,37,0.0
P48,R11,38,0.0
P48,R11,39,0.0
P48,R12,37,0.0
P48,R12,38,0.0
P48,R12,39,0.0
P48,R13,37,0.0
P48,R13,38,0.0
P48,R13,39,0.0
P48,R14,37,0.0
P48,R14,38,0.0
P48,R14,39,0.0
P48,R15,37,0.0
P48,R15,38,0.0
P48,R15,39,0.0
P48,R16,37,0.0
P48,R16,38,0.0
P48,R16,39,0.0
P48,R17,37,0.0
P48,R17,38,0.0
P48,R17,39,0.0
P48,R18,37,0.0
P48,R18,38,0.0
P48,R18,39,0.0
P48,R2,37,0.0
P48,R2,38,0.0
P48,R2,39,0.0
P48,R3,37,0.0
P48,R3,38,0.0
P48,R3,39,0.0
P48,R4,37,0.0
P48,R4,38,0.0
P48,R4,39,0.0
P48,R5,37,0.0
P48,R5,38,0.0
P48,R5,39,0.0
P48,R6,37,0.0
P48,R6,38,0.0
P48,R6,39,0.0
P48,R7,37,0.0
P48,R7,38,0.0
P48,R7,39,0.0
P48,R8,37,0.0
P48,R8,38,0.0
P48,R8,39,0.0
P48,R9,37,0.0
P48,R9,38,0.0
P48,R9,39,0.0
P49,R1,37,0.0
P49,R1,38,0.0
P49,R1,39,0.0
P49,R10,37,0.0
P49,R10,38,0.0
P49,R10,39,0.0
P49,R11,37,0.0
P49,R11,38,0.0
P49,R11,39,0.0
P49,R12,37,0.0
P49,R12,38,0.0
P49,R12,39,0.0
P49,R13,37,0.0
P49,R13,38,0.0
P49,R13,39,0.0
P49,R14,37,0.0
P49,R14,38,0.0
P49,R14,39,0.0
P49,R15,37,0.0
P49,R15,38,0.0
P49,R15,39,0.0
P49,R16,37,0.0
P49,R16,38,0.0
P49,R16,39,0.0
P49,R17,37,0.0
P49,R17,38,0.0
P49,R17,39,0.0
P49,R18,37,0.0
P49,R18,38,0.0
P49,R18,39,0.0
P49,R2,37,0.0
P49,R2,38,0.0
P49,R2,39,0.0
P49,R3,37,0.0
P49,R3,38,0.0
P49,R3,39,0.0
P49,R4,37,0.0
P49,R4,38,0.0
P49,R4,39,0.0
P49,R5,37,0.0
P49,R5,38,0.0
P49,R5,39,0.0
P49,R6,37,0.0
P49,R6,38,0.0
P49,R6,39,0.0
P49,R7,37,0.0
P49,R7,38,0.0
P49,R7,39,0.0
P49,R8,37,0.0
P49,R8,38,0.0
P49,R8,39,0.0
P49,R9,37,0.0
P49,R9,38,0.0
P49,R9,39,0.0
P5,R1,37,0.0
P5,R1,38,0.0
P5,R1,39,0.0
P5,R10,37,0.0
P5,R10,38,0.0
P5,R10,39,0.0
P5,R11,37,0.0
P5,R11,38,0.0
P5,R11,39,0.0
P5,R12,37,0.0
P5,R12,38,0.0
P5,R12,39,0.0
P5,R13,37,0.0
P5,R13,38,0.0
P5,R13,39,0.0
P5,R14,37,0.0
P5,R14,38,0.0
P5,R14,39,0.0
P5,R15,37,0.0
P5,R15,38,0.0
P5,R15,39,0.0
P5,R16,37,0.0
P5,R16,38,0.0
P5,R16,39,0.0
P5,R17,37,0.0
P5,R17,38,0.0
P5,R17,39,0.0
P5,R18,37,0.0
P5,R18,38,0.0
P5,R18,39,0.0
P5,R2,37,0.0
P5,R2,38,0.0
P5,R2,39,0.0
P5,R3,37,0.0
P5,R3,38,0.0
P5,R3,39,0.0
P5,R4,37,0.0
P5,R4,38,0.0
P5,R4,39,0.0
P5,R5,37,0.0
P5,R5,38,0.0
P5,R5,39,0.0
P5,R6,37,0.0
P5,R6,38,0.0
P5,R6,39,0.0
P5,R7,37,0.0
P5,R7,38,0.0
P5,R7,39,0.0
P5,R8,37,0.0
P5,R8,38,0.0
P5,R8,39,0.0
P5,R9,37,0.0
P5,R9,38,0.0
P5,R9,39,0.0
P50,R1,37,0.0
P50,R1,38,0.0
P50,R1,39,0.0
P50,R10,37,0.0
P50,R10,38,0.0
P50,R10,39,0.0
P50,R11,37,0.0
P50,R11,38,0.0
P50,R11,39,0.0
P50,R12,37,0.0
P50,R12,38,0.0
P50,R12,39,0.0
P50,R13,37,0.0
P50,R13,38,0.0
P50,R13,39,0.0
P50,R14,37,0.0
P50,R14,38,0.0
P50,R14,39,0.0
P50,R15,37,0.0
P50,R15,38,0.0
P50,R15,39,0.0
P50,R16,37,0.0
P50,R16,38,0.0
P50,R16,39,0.0
P50,R17,37,0.0
P50,R17,38,0.0
P50,R17,39,0.0
P50,R18,37,0.0
P50,R18,38,0.0
P50,R18,39,0.0
P50,R2,37,0.0
P50,R2,38,0.0
P50,R2,39,0.0
P50,R3,37,0.0
P50,R3,38,0.0
P50,R3,39,0.0
P50,R4,37,0.0
P50,R4,38,0.0
P50,R4,39,0.0
P50,R5,37,0.0
P50,R5,38,0.0
P50,R5,39,0.0
P50,R6,37,0.0
P50,R6,38,0.0
P50,R6,39,0.0
P50,R7,37,0.0
P50,R7,38,0.0
P50,R7,39,0.0
P50,R8,37,0.0
P50,R8,38,0.0
P50,R8,39,0.0
P50,R9,37,0.0
P50,R9,38,0.0
P50,R9,39,0.0
P51,R1,37,0.0
P51,R1,38,0.0
P51,R1,39,0.0
P51,R10,37,0.0
P51,R10,38,0.0
P51,R10,39,0.0
P51,R11,37,0.0
P51,R11,38,0.0
P51,R11,39,0.0
P51,R12,37,0.0
P51,R12,38,0.0
P51,R12,39,0.0
P51,R13,37,0.0
P51,R13,38,0.0
P51,R13,39,0.0
P51,R14,37,0.0
P51,R14,38,0.0
P51,R14,39,0.0
P51,R15,37,0.0
P51,R15,38,0.0
P51,R15,39,0.0
P51,R16,37,0.0
P51,R16,38,0.0
P51,R16,39,0.0
P51,R17,37,0.0
P51,R17,38,0.0
P51,R17,39,0.0
P51,R18,37,349.279317329902
P51,R18,38,349.279317329902
P51,R18,39,349.279317329902
P51,R2,37,0.0
P51,R2,38,0.0
P51,R2,39,0.0
P51,R3,37,0.0
P51,R3,38,0.0
P51,R3,39,0.0
P51,R4,37,0.0
P51,R4,38,0.0
P51,R4,39,0.0
P51,R5,37,0.0
P51,R5,38,0.0
P51,R5,39,0.0
P51,R6,37,0.0
P51,R6,38,0.0
P51,R6,39,0.0
P51,R7,37,0.0
P51,R7,38,0.0
P51,R7,39,0.0
P51,R8,37,0.0
P51,R8,38,0.0
P51,R8,39,0.0
P51,R9,37,0.0
P51,R9,38,0.0
P51,R9,39,0.0
P52,R1,37,0.0
P52,R1,38,0.0
P52,R1,39,0.0
P52,R10,37,0.0
P52,R10,38,0.0
P52,R10,39,0.0
P52,R11,37,0.0
P52,R11,38,0.0
P52,R11,39,0.0
P52,R12,37,0.0
P52,R12,38,0.0
P52,R12,39,0.0
P52,R13,37,0.0
P52,R13,38,0.0
P52,R13,39,0.0
P52,R14,37,0.0
P52,R14,38,0.0
P52,R14,39,0.0
P52,R15,37,0.0
P52,R15,38,0.0
P52,R15,39,0.0
P52,R16,37,0.0
P52,R16,38,0.0
P52,R16,39,0.0
P52,R17,37,0.0
P52,R17,38,0.0
P52,R17,39,0.0
P52,R18,37,0.0
P52,R18,38,0.0
P52,R18,39,0.0
P52,R2,37,0.0
P52,R2,38,0.0
P52,R2,39,0.0
P52,R3,37,0.0
P52,R3,38,0.0
P52,R3,39,0.0
P52,R4,37,0.0
P52,R4,38,0.0
P52,R4,39,0.0
P52,R5,37,0.0
P52,R5,38,0.0
P52,R5,39,0.0
P52,R6,37,0.0
P52,R6,38,0.0
P52,R6,39,0.0
P52,R7,37,0.0
P52,R7,38,0.0
P52,R7,39,0.0
P52,R8,37,0.0
P52,R8,38,0.0
P52,R8,39,0.0
P52,R9,37,0.0
P52,R9,38,0.0
P52,R9,39,0.0
P53,R1,37,0.0
P53,R1,38,0.0
P53,R1,39,0.0
P53,R10,37,0.0
P53,R10,38,0.0
P53,R10,39,0.0
P53,R11,37,0.0
P53,R11,38,0.0
P53,R11,39,0.0
P53,R12,37,0.0
P53,R12,38,0.0
P53,R12,39,0.0
P53,R13,37,0.0
P53,R13,38,0.0
P53,R13,39,0.0
P53,R14,37,0.0
P53,R14,38,0.0
P53,R14,39,0.0
P53,R15,37,0.0
P53,R15,38,0.0
P53,R15,39,0.0
P53,R16,37,0.0
P53,R16,38,0.0
P53,R16,39,0.0
P53,R17,37,0.0
P53,R17,38,0.0
P53,R17,39,0.0
P53,R18,37,0.0
P53,R18,38,0.0
P53,R18,39,0.0
P53,R2,37,0.0
P53,R2,38,0.0
P53,R2,39,0.0
P53,R3,37,0.0
P53,R3,38,0.0
P53,R3,39,0.0
P53,R4,37,0.0
P53,R4,38,0.0
P53,R4,39,0.0
P53,R5,37,0.0
P53,R5,38,0.0
P53,R5,39,0.0
P53,R6,37,0.0
P53,R6,38,0.0
P53,R6,39,0.0
P53,R7,37,0.0
P53,R7,38,0.0
P53,R7,39,0.0
P53,R8,37,0.0
P53,R8,38,0.0
P53,R8,39,0.0
P53,R9,37,0.0
P53,R9,38,0.0
P53,R9,39,0.0
P54,R1,37,0.0
P54,R1,38,0.0
P54,R1,39,0.0
P54,R10,37,0.0
P54,R10,38,0.0
P54,R10,39,0.0
P54,R11,37,0.0
P54,R11,38,0.0
P54,R11,39,0.0
P54,R12,37,0.0
P54,R12,38,0.0
P54,R12,39,0.0
P54,R13,37,0.0
P54,R13,38,0.0
P54,R13,39,0.0
P54,R14,37,0.0
P54,R14,38,0.0
P54,R14,39,0.0
P54,R15,37,0.0
P54,R15,38,0.0
P54,R15,39,0.0
P54,R16,37,0.0
P54,R16,38,0.0
P54,R16,39,0.0
P54,R17,37,0.0
P54,R17,38,0.0
P54,R17,39,0.0
P54,R18,37,0.0
P54,R18,38,0.0
P54,R18,39,0.0
P54,R2,37,0.0
P54,R2,38,0.0
P54,R2,39,0.0
P54,R3,37,0.0
P54,R3,38,0.0
P54,R3,39,0.0
P54,R4,37,0.0
P54,R4,38,0.0
P54,R4,39,0.0
P54,R5,37,0.0
P54,R5,38,0.0
P54,R5,39,0.0
P54,R6,37,0.0
P54,R6,38,0.0
P54,R6,39,0.0
P54,R7,37,0.0
P54,R7,38,0.0
P54,R7,39,0.0
P54,R8,37,0.0
P54,R8,38,0.0
P54,R8,39,0.0
P54,R9,37,0.0
P54,R9,38,0.0
P54,R9,39,0.0
P55,R1,37,0.0
P55,R1,38,0.0
P55,R1,39,0.0
P55,R10,37,0.0
P55,R10,38,0.0
P55,R10,39,0.0
P55,R11,37,0.0
P55,R11,38,0.0
P55,R11,39,0.0
P55,R12,37,0.0
P55,R12,38,0.0
P55,R12,39,0.0
P55,R13,37,0.0
P55,R13,38,0.0
P55,R13,39,0.0
P55,R14,37,0.0
P55,R14,38,0.0
P55,R14,39,0.0
P55,R15,37,0.0
P55,R15,38,0.0
P55,R15,39,0.0
P55,R16,37,0.0
P55,R16,38,0.0
P55,R16,39,0.0
P55,R17,37,0.0
P55,R17,38,0.0
P55,R17,39,0.0
P55,R18,37,0.0
P55,R18,38,0.0
P55,R18,39,0.0
P55,R2,37,0.0
P55,R2,38,0.0
P55,R2,39,0.0
P55,R3,37,0.0
P55,R3,38,0.0
P55,R3,39,0.0
P55,R4,37,0.0
P55,R4,38,0.0
P55,R4,39,0.0
P55,R5,37,0.0
P55,R5,38,0.0
P55,R5,39,0.0
P55,R6,37,0.0
P55,R6,38,0.0
P55,R6,39,0.0
P55,R7,37,0.0
P55,R7,38,0.0
P55,R7,39,0.0
P55,R8,37,0.0
P55,R8,38,0.0
P55,R8,39,0.0
P55,R9,37,0.0
P55,R9,38,0.0
P55,R9,39,0.0
P56,R1,37,0.0
P56,R1,38,0.0
P56,R1,39,0.0
P56,R10,37,0.0
P56,R10,38,0.0
P56,R10,39,0.0
P56,R11,37,0.0
P56,R11,38,0.0
P56,R11,39,0.0
P56,R12,37,0.0
P56,R12,38,0.0
P56,R12,39,0.0
P56,R13,37,0.0
P56,R13,38,0.0
P56,R13,39,0.0
P56,R14,37,0.0
P56,R14,38,0.0
P56,R14,39,0.0
P56,R15,37,0.0
P56,R15,38,0.0
P56,R15,39,0.0
P56,R16,37,0.0
P56,R16,38,0.0
P56,R16,39,0.0
P56,R17,37,0.0
P56,R17,38,0.0
P56,R17,39,0.0
P56,R18,37,0.0
P56,R18,38,0.0
P56,R18,39,0.0
P56,R2,37,0.0
P56,R2,38,0.0
P56,R2,39,0.0
P56,R3,37,0.0
P56,R3,38,0.0
P56,R3,39,0.0
P56,R4,37,0.0
P56,R4,38,0.0
P56,R4,39,0.0
P56,R5,37,0.0
P56,R5,38,0.0
P56,R5,39,0.0
P56,R6,37,0.0
P56,R6,38,0.0
P56,R6,39,0.0
P56,R7,37,0.0
P56,R7,38,0.0
P56,R7,39,0.0
P56,R8,37,0.0
P56,R8,38,0.0
P56,R8,39,0.0
P56,R9,37,0.0
P56,R9,38,0.0
P56,R9,39,0.0
P57,R1,37,0.0
P57,R1,38,0.0
P57,R1,39,0.0
P57,R10,37,0.0
P57,R10,38,0.0
P57,R10,39,0.0
P57,R11,37,125.80553440512145
P57,R11,38,125.80553440512145
P57,R11,39,125.80553440512145
P57,R12,37,0.0
P57,R12,38,0.0
P57,R12,39,0.0
P57,R13,37,0.0
P57,R13,38,0.0
P57,R13,39,0.0
P57,R14,37,0.0
P57,R14,38,0.0
P57,R14,39,0.0
P57,R15,37,0.002937021943107137
P57,R15,38,0.002937021943107137
P57,R15,39,0.002937021943107137
P57,R16,37,0.0
P57,R16,38,0.0
P57,R16,39,0.0
P57,R17,37,0.0
P57,R17,38,0.0
P57,R17,39,0.0
P57,R18,37,75.95047316968099
P57,R18,38,75.95047316968099
P57,R18,39,75.95047316968099
P57,R2,37,0.0
P57,R2,38,0.0
P57,R2,39,0.0
P57,R3,37,0.0
P57,R3,38,0.0
P57,R3,39,0.0
P57,R4,37,0.0
P57,R4,38,0.0
P57,R4,39,0.0
P57,R5,37,0.0
P57,R5,38,0.0
P57,R5,39,0.0
P57,R6,37,0.0
P57,R6,38,0.0
P57,R6,39,0.0
P57,R7,37,0.0
P57,R7,38,0.0
P57,R7,39,0.0
P57,R8,37,0.0
P57,R8,38,0.0
P57,R8,39,0.0
P57,R9,37,19.528572153886987
P57,R9,38,19.528572153886987
P57,R9,39,19.528572153886987
P58,R1,37,0.0
P58,R1,38,0.0
P58,R1,39,0.0
P58,R10,37,8.078254781591717
P58,R10,38,8.078254781591717
P58,R10,39,8.078254781591717
P58,R11,37,56.56872547299038
P58,R11,38,56.56872547299038
P58,R11,39,56.56872547299038
P58,R12,37,22.268784592678234
P58,R12,38,22.268784592678234
P58,R12,39,22.268784592678234
P58,R13,37,0.0
P58,R13,38,0.0
P58,R13,39,0.0
P58,R14,37,0.0
P58,R14,38,0.0
P58,R14,39,0.0
P58,R15,37,14.172236880486519
P58,R15,38,14.172236880486519
P58,R15,39,14.172236880486519
P58,R16,37,0.0
P58,R16,38,0.0
P58,R16,39,0.0
P58,R17,37,0.0
P58,R17,38,0.0
P58,R17,39,0.0
P58,R18,37,12.102449137567746
P58,R18,38,12.102449137567746
P58,R18,39,12.102449137567746
P58,R2,37,0.0
P58,R2,38,0.0
P58,R2,39,0.0
P58,R3,37,0.0
P58,R3,38,0.0
P58,R3,39,0.0
P58,R4,37,0.0
P58,R4,38,0.0
P58,R4,39,0.0
P58,R5,37,0.0
P58,R5,38,0.0
P58,R5,39,0.0
P58,R6,37,36.39352488209416
P58,R6,38,36.39352488209416
P58,R6,39,36.39352488209416
P58,R7,37,20.126724663640974
P58,R7,38,20.126724663640974
P58,R7,39,20.126724663640974
P58,R8,37,10.045511850567934
P58,R8,38,10.045511850567934
P58,R8,39,10.045511850567934
P58,R9,37,32.350759548495446
P58,R9,38,32.350759548495446
P58,R9,39,32.350759548495446
P59,R1,37,0.0
P59,R1,38,0.0
P59,R1,39,0.0
P59,R10,37,0.0
P59,R10,38,0.0
P59,R10,39,0.0
P59,R11,37,0.0
P59,R11,38,0.0
P59,R11,39,0.0
P59,R12,37,0.0
P59,R12,38,0.0
P59,R12,39,0.0
P59,R13,37,0.0
P59,R13,38,0.0
P59,R13,39,0.0
P59,R14,37,0.0
P59,R14,38,0.0
P59,R14,39,0.0
P59,R15,37,0.0
P59,R15,38,0.0
P59,R15,39,0.0
P59,R16,37,0.0
P59,R16,38,0.0
P59,R16,39,0.0
P59,R17,37,0.0
P59,R17,38,0.0
P59,R17,39,0.0
P59,R18,37,0.0
P59,R18,38,0.0
P59,R18,39,0.0
P59,R2,37,0.0
P59,R2,38,0.0
P59,R2,39,0.0
P59,R3,37,0.0
P59,R3,38,0.0
P59,R3,39,0.0
P59,R4,37,0.0
P59,R4,38,0.0
P59,R4,39,0.0
P59,R5,37,0.0
P59,R5,38,0.0
P59,R5,39,0.0
P59,R6,37,0.0
P59,R6,38,0.0
P59,R6,39,0.0
P59,R7,37,0.0
P59,R7,38,0.0
P59,R7,39,0.0
P59,R8,37,0.0
P59,R8,38,0.0
P59,R8,39,0.0
P59,R9,37,0.0
P59,R9,38,0.0
P59,R9,39,0.0
P6,R1,37,0.0
P6,R1,38,0.0
P6,R1,39,0.0
P6,R10,37,0.0
P6,R10,38,0.0
P6,R10,39,0.0
P6,R11,37,0.0
P6,R11,38,0.0
P6,R11,39,0.0
P6,R12,37,0.0
P6,R12,38,0.0
P6,R12,39,0.0
P6,R13,37,0.0
P6,R13,38,0.0
P6,R13,39,0.0
P6,R14,37,0.0
P6,R14,38,0.0
P6,R14,39,0.0
P6,R15,37,0.0
P6,R15,38,0.0
P6,R15,39,0.0
P6,R16,37,0.0
P6,R16,38,0.0
P6,R16,39,0.0
P6,R17,37,0.0
P6,R17,38,0.0
P6,R17,39,0.0
P6,R18,37,0.0
P6,R18,38,0.0
P6,R18,39,0.0
P6,R2,37,0.0
P6,R2,38,0.0
P6,R2,39,0.0
P6,R3,37,0.0
P6,R3,38,0.0
P6,R3,39,0.0
P6,R4,37,0.0
P6,R4,38,0.0
P6,R4,39,0.0
P6,R5,37,0.0
P6,R5,38,0.0
P6,R5,39,0.0
P6,R6,37,0.0
P6,R6,38,0.0
P6,R6,39,0.0
P6,R7,37,0.0
P6,R7,38,0.0
P6,R7,39,0.0
P6,R8,37,0.0
P6,R8,38,0.0
P6,R8,39,0.0
P6,R9,37,0.0
P6,R9,38,0.0
P6,R9,39,0.0
P60,R1,37,0.0
P60,R1,38,0.0
P60,R1,39,0.0
P60,R10,37,0.0
P60,R10,38,0.0
P60,R10,39,0.0
P60,R11,37,5.559278081989987
P60,R11,38,5.559278081989987
P60,R11,39,5.559278081989987
P60,R12,37,0.0
P60,R12,38,0.0
P60,R12,39,0.0
P60,R13,37,0.0
P60,R13,38,0.0
P60,R13,39,0.0
P60,R14,37,0.0
P60,R14,38,0.0
P60,R14,39,0.0
P60,R15,37,0.0
P60,R15,38,0.0
P60,R15,39,0.0
P60,R16,37,0.0
P60,R16,38,0.0
P60,R16,39,0.0
P60,R17,37,0.0
P60,R17,38,0.0
P60,R17,39,0.0
P60,R18,37,109.72999578643051
P60,R18,38,109.72999578643051
P60,R18,39,109.72999578643051
P60,R2,37,0.0
P60,R2,38,0.0
P60,R2,39,0.0
P60,R3,37,0.0
P60,R3,38,0.0
P60,R3,39,0.0
P60,R4,37,0.0
P60,R4,38,0.0
P60,R4,39,0.0
P60,R5,37,0.0
P60,R5,38,0.0
P60,R5,39,0.0
P60,R6,37,0.0
P60,R6,38,0.0
P60,R6,39,0.0
P60,R7,37,0.0
P60,R7,38,0.0
P60,R7,39,0.0
P60,R8,37,0.0
P60,R8,38,0.0
P60,R8,39,0.0
P60,R9,37,0.0
P60,R9,38,0.0
P60,R9,39,0.0
P61,R1,37,0.0
P61,R1,38,0.0
P61,R1,39,0.0
P61,R10,37,0.0
P61,R10,38,0.0
P61,R10,39,0.0
P61,R11,37,98.74542462871857
P61,R11,38,98.74542462871857
P61,R11,39,98.74542462871857
P61,R12,37,0.0
P61,R12,38,0.0
P61,R12,39,0.0
P61,R13,37,0.0
P61,R13,38,0.0
P61,R13,39,0.0
P61,R14,37,0.0
P61,R14,38,0.0
P61,R14,39,0.0
P61,R15,37,0.0
P61,R15,38,0.0
P61,R15,39,0.0
P61,R16,37,0.0
P61,R16,38,0.0
P61,R16,39,0.0
P61,R17,37,0.0
P61,R17,38,0.0
P61,R17,39,0.0
P61,R18,37,1.0388039591452194
P61,R18,38,1.0388039591452194
P61,R18,39,1.0388039591452194
P61,R2,37,0.0
P61,R2,38,0.0
P61,R2,39,0.0
P61,R3,37,0.0
P61,R3,38,0.0
P61,R3,39,0.0
P61,R4,37,0.0
P61,R4,38,0.0
P61,R4,39,0.0
P61,R5,37,0.0
P61,R5,38,0.0
P61,R5,39,0.0
P61,R6,37,0.0
P61,R6,38,0.0
P61,R6,39,0.0
P61,R7,37,0.0
P61,R7,38,0.0
P61,R7,39,0.0
P61,R8,37,2.06014520975133
P61,R8,38,2.06014520975133
P61,R8,39,2.06014520975133
P61,R9,37,0.0
P61,R9,38,0.0
P61,R9,39,0.0
P62,R1,37,0.0
P62,R1,38,0.0
P62,R1,39,0.0
P62,R10,37,0.0
P62,R10,38,0.0
P62,R10,39,0.0
P62,R11,37,1.3562436013766759
P62,R11,38,1.3562436013766759
P62,R11,39,1.3562436013766759
P62,R12,37,0.0
P62,R12,38,0.0
P62,R12,39,0.0
P62,R13,37,0.0
P62,R13,38,0.0
P62,R13,39,0.0
P62,R14,37,0.0
P62,R14,38,0.0
P62,R14,39,0.0
P62,R15,37,0.0
P62,R15,38,0.0
P62,R15,39,0.0
P62,R16,37,0.0
P62,R16,38,0.0
P62,R16,39,0.0
P62,R17,37,0.0
P62,R17,38,0.0
P62,R17,39,0.0
P62,R18,37,0.0
P62,R18,38,0.0
P62,R18,39,0.0
P62,R2,37,0.0
P62,R2,38,0.0
P62,R2,39,0.0
P62,R3,37,0.0
P62,R3,38,0.0
P62,R3,39,0.0
P62,R4,37,0.0
P62,R4,38,0.0
P62,R4,39,0.0
P62,R5,37,0.0
P62,R5,38,0.0
P62,R5,39,0.0
P62,R6,37,0.0
P62,R6,38,0.0
P62,R6,39,0.0
P62,R7,37,0.0
P62,R7,38,0.0
P62,R7,39,0.0
P62,R8,37,0.0
P62,R8,38,0.0
P62,R8,39,0.0
P62,R9,37,0.0
P62,R9,38,0.0
P62,R9,39,0.0
P63,R1,37,0.0
P63,R1,38,0.0
P63,R1,39,0.0
P63,R10,37,0.0
P63,R10,38,0.0
P63,R10,39,0.0
P63,R11,37,0.0
P63,R11,38,0.0
P63,R11,39,0.0
P63,R12,37,0.0
P63,R12,38,0.0
P63,R12,39,0.0
P63,R13,37,0.0
P63,R13,38,0.0
P63,R13,39,0.0
P63,R14,37,0.0
P63,R14,38,0.0
P63,R14,39,0.0
P63,R15,37,0.0
P63,R15,38,0.0
P63,R15,39,0.0
P63,R16,37,0.0
P63,R16,38,0.0
P63,R16,39,0.0
P63,R17,37,0.0
P63,R17,38,0.0
P63,R17,39,0.0
P63,R18,37,0.0
P63,R18,38,0.0
P63,R18,39,0.0
P63,R2,37,0.0
P63,R2,38,0.0
P63,R2,39,0.0
P63,R3,37,0.0
P63,R3,38,0.0
P63,R3,39,0.0
P63,R4,37,0.0
P63,R4,38,0.0
P63,R4,39,0.0
P63,R5,37,0.0
P63,R5,38,0.0
P63,R5,39,0.0
P63,R6,37,0.0
P63,R6,38,0.0
P63,R6,39,0.0
P63,R7,37,0.0
P63,R7,38,0.0
P63,R7,39,0.0
P63,R8,37,0.0
P63,R8,38,0.0
P63,R8,39,0.0
P63,R9,37,0.0
P63,R9,38,0.0
P63,R9,39,0.0
P64,R1,37,0.0
P64,R1,38,0.0
P64,R1,39,0.0
P64,R10,37,0.0
P64,R10,38,0.0
P64,R10,39,0.0
P64,R11,37,0.0
P64,R11,38,0.0
P64,R11,39,0.0
P64,R12,37,0.0
P64,R12,38,0.0
P64,R12,39,0.0
P64,R13,37,0.0
P64,R13,38,0.0
P64,R13,39,0.0
P64,R14,37,0.0
P64,R14,38,0.0
P64,R14,39,0.0
P64,R15,37,0.0
P64,R15,38,0.0
P64,R15,39,0.0
P64,R16,37,0.0
P64,R16,38,0.0
P64,R16,39,0.0
P64,R17,37,0.0
P64,R17,38,0.0
P64,R17,39,0.0
P64,R18,37,54.747448240591325
P64,R18,38,54.747448240591325
P64,R18,39,54.747448240591325
P64,R2,37,0.0
P64,R2,38,0.0
P64,R2,39,0.0
P64,R3,37,0.0
P64,R3,38,0.0
P64,R3,39,0.0
P64,R4,37,0.0
P64,R4,38,0.0
P64,R4,39,0.0
P64,R5,37,0.0
P64,R5,38,0.0
P64,R5,39,0.0
P64,R6,37,0.0
P64,R6,38,0.0
P64,R6,39,0.0
P64,R7,37,0.0
P64,R7,38,0.0
P64,R7,39,0.0
P64,R8,37,0.0
P64,R8,38,0.0
P64,R8,39,0.0
P64,R9,37,0.0
P64,R9,38,0.0
P64,R9,39,0.0
P65,R1,37,0.0
P65,R1,38,0.0
P65,R1,39,0.0
P65,R10,37,0.0
P65,R10,38,0.0
P65,R10,39,0.0
P65,R11,37,0.0
P65,R11,38,0.0
P65,R11,39,0.0
P65,R12,37,0.0
P65,R12,38,0.0
P65,R12,39,0.0
P65,R13,37,0.0
P65,R13,38,0.0
P65,R13,39,0.0
P65,R14,37,0.0
P65,R14,38,0.0
P65,R14,39,0.0
P65,R15,37,0.0
P65,R15,38,0.0
P65,R15,39,0.0
P65,R16,37,0.0
P65,R16,38,0.0
P65,R16,39,0.0
P65,R17,37,0.0
P65,R17,38,0.0
P65,R17,39,0.0
P65,R18,37,0.0
P65,R18,38,0.0
P65,R18,39,0.0
P65,R2,37,0.0
P65,R2,38,0.0
P65,R2,39,0.0
P65,R3,37,0.0
P65,R3,38,0.0
P65,R3,39,0.0
P65,R4,37,0.0
P65,R4,38,0.0
P65,R4,39,0.0
P65,R5,37,0.0
P65,R5,38,0.0
P65,R5,39,0.0
P65,R6,37,65.94824705356963
P65,R6,38,65.94824705356963
P65,R6,39,65.94824705356963
P65,R7,37,0.0
P65,R7,38,0.0
P65,R7,39,0.0
P65,R8,37,0.0
P65,R8,38,0.0
P65,R8,39,0.0
P65,R9,37,0.0
P65,R9,38,0.0
P65,R9,39,0.0
P66,R1,37,0.0
P66,R1,38,0.0
P66,R1,39,0.0
P66,R10,37,0.0
P66,R10,38,0.0
P66,R10,39,0.0
P66,R11,37,0.0
P66,R11,38,0.0
P66,R11,39,0.0
P66,R12,37,0.0
P66,R12,38,0.0
P66,R12,39,0.0
P66,R13,37,0.0
P66,R13,38,0.0
P66,R13,39,0.0
P66,R14,37,0.0
P66,R14,38,0.0
P66,R14,39,0.0
P66,R15,37,0.0
P66,R15,38,0.0
P66,R15,39,0.0
P66,R16,37,0.0
P66,R16,38,0.0
P66,R16,39,0.0
P66,R17,37,0.0
P66,R17,38,0.0
P66,R17,39,0.0
P66,R18,37,0.0
P66,R18,38,0.0
P66,R18,39,0.0
P66,R2,37,0.0
P66,R2,38,0.0
P66,R2,39,0.0
P66,R3,37,0.0
P66,R3,38,0.0
P66,R3,39,0.0
P66,R4,37,0.0
P66,R4,38,0.0
P66,R4,39,0.0
P66,R5,37,0.0
P66,R5,38,0.0
P66,R5,39,0.0
P66,R6,37,24.150176363119737
P66,R6,38,24.150176363119737
P66,R6,39,24.150176363119737
P66,R7,37,0.0
P66,R7,38,0.0
P66,R7,39,0.0
P66,R8,37,0.0
P66,R8,38,0.0
P66,R8,39,0.0
P66,R9,37,0.0
P66,R9,38,0.0
P66,R9,39,0.0
P67,R1,37,0.0
P67,R1,38,0.0
P67,R1,39,0.0
P67,R10,37,0.0
P67,R10,38,0.0
P67,R10,39,0.0
P67,R11,37,1.386713889778945
P67,R11,38,1.386713889778945
P67,R11,39,1.386713889778945
P67,R12,37,0.0
P67,R12,38,0.0
P67,R12,39,0.0
P67,R13,37,0.0
P67,R13,38,0.0
P67,R13,39,0.0
P67,R14,37,0.0
P67,R14,38,0.0
P67,R14,39,0.0
P67,R15,37,0.8553402113459846
P67,R15,38,0.8553402113459846
P67,R15,39,0.8553402113459846
P67,R16,37,0.0
P67,R16,38,0.0
P67,R16,39,0.0
P67,R17,37,0.0
P67,R17,38,0.0
P67,R17,39,0.0
P67,R18,37,0.261889355082683
P67,R18,38,0.261889355082683
P67,R18,39,0.261889355082683
P67,R2,37,0.0
P67,R2,38,0.0
P67,R2,39,0.0
P67,R3,37,0.0
P67,R3,38,0.0
P67,R3,39,0.0
P67,R4,37,0.0
P67,R4,38,0.0
P67,R4,39,0.0
P67,R5,37,0.0
P67,R5,38,0.0
P67,R5,39,0.0
P67,R6,37,0.1497155586054212
P67,R6,38,0.1497155586054212
P67,R6,39,0.1497155586054212
P67,R7,37,0.9790667333114939
P67,R7,38,0.9790667333114939
P67,R7,39,0.9790667333114939
P67,R8,37,0.0
P67,R8,38,0.0
P67,R8,39,0.0
P67,R9,37,0.0
P67,R9,38,0.0
P67,R9,39,0.0
P68,R1,37,0.0
P68,R1,38,0.0
P68,R1,39,0.0
P68,R10,37,0.0
P68,R10,38,0.0
P68,R10,39,0.0
P68,R11,37,32.12266746247057
P68,R11,38,32.12266746247057
P68,R11,39,32.12266746247057
P68,R12,37,0.0
P68,R12,38,0.0
P68,R12,39,0.0
P68,R13,37,0.0
P68,R13,38,0.0
P68,R13,39,0.0
P68,R14,37,0.0
P68,R14,38,0.0
P68,R14,39,0.0
P68,R15,37,72.45327577112481
P68,R15,38,72.45327577112481
P68,R15,39,72.45327577112481
P68,R16,37,0.0
P68,R16,38,0.0
P68,R16,39,0.0
P68,R17,37,0.0
P68,R17,38,0.0
P68,R17,39,0.0
P68,R18,37,4.9738857164950225
P68,R18,38,4.9738857164950225
P68,R18,39,4.9738857164950225
P68,R2,37,0.0
P68,R2,38,0.0
P68,R2,39,0.0
P68,R3,37,0.0
P68,R3,38,0.0
P68,R3,39,0.0
P68,R4,37,0.0
P68,R4,38,0.0
P68,R4,39,0.0
P68,R5,37,0.0
P68,R5,38,0.0
P68,R5,39,0.0
P68,R6,37,21.00363303500529
P68,R6,38,21.00363303500529
P68,R6,39,21.00363303500529
P68,R7,37,25.747175956945078
P68,R7,38,25.747175956945078
P68,R7,39,25.747175956945078
P68,R8,37,0.0
P68,R8,38,0.0
P68,R8,39,0.0
P68,R9,37,0.0
P68,R9,38,0.0
P68,R9,39,0.0
P69,R1,37,0.0
P69,R1,38,0.0
P69,R1,39,0.0
P69,R10,37,0.0
P69,R10,38,0.0
P69,R10,39,0.0
P69,R11,37,0.0
P69,R11,38,0.0
P69,R11,39,0.0
P69,R12,37,0.0
P69,R12,38,0.0
P69,R12,39,0.0
P69,R13,37,0.0
P69,R13,38,0.0
P69,R13,39,0.0
P69,R14,37,0.0
P69,R14,38,0.0
P69,R14,39,0.0
P69,R15,37,182.79358866619822
P69,R15,38,182.79358866619822
P69,R15,39,182.79358866619822
P69,R16,37,0.0
P69,R16,38,0.0
P69,R16,39,0.0
P69,R17,37,0.0
P69,R17,38,0.0
P69,R17,39,0.0
P69,R18,37,0.0
P69,R18,38,0.0
P69,R18,39,0.0
P69,R2,37,0.0
P69,R2,38,0.0
P69,R2,39,0.0
P69,R3,37,0.0
P69,R3,38,0.0
P69,R3,39,0.0
P69,R4,37,0.0
P69,R4,38,0.0
P69,R4,39,0.0
P69,R5,37,0.0
P69,R5,38,0.0
P69,R5,39,0.0
P69,R6,37,2.8826017627944664
P69,R6,38,2.8826017627944664
P69,R6,39,2.8826017627944664
P69,R7,37,0.0
P69,R7,38,0.0
P69,R7,39,0.0
P69,R8,37,0.0
P69,R8,38,0.0
P69,R8,39,0.0
P69,R9,37,0.0
P69,R9,38,0.0
P69,R9,39,0.0
P7,R1,37,0.0
P7,R1,38,0.0
P7,R1,39,0.0
P7,R10,37,0.0
P7,R10,38,0.0
P7,R10,39,0.0
P7,R11,37,0.0
P7,R11,38,0.0
P7,R11,39,0.0
P7,R12,37,0.0
P7,R12,38,0.0
P7,R12,39,0.0
P7,R13,37,0.0
P7,R13,38,0.0
P7,R13,39,0.0
P7,R14,37,0.0
P7,R14,38,0.0
P7,R14,39,0.0
P7,R15,37,0.0
P7,R15,38,0.0
P7,R15,39,0.0
P7,R16,37,0.0
P7,R16,38,0.0
P7,R16,39,0.0
P7,R17,37,0.0
P7,R17,38,0.0
P7,R17,39,0.0
P7,R18,37,0.0
P7,R18,38,0.0
P7,R18,39,0.0
P7,R2,37,0.0
P7,R2,38,0.0
P7,R2,39,0.0
P7,R3,37,0.0
P7,R3,38,0.0
P7,R3,39,0.0
P7,R4,37,0.0
P7,R4,38,0.0
P7,R4,39,0.0
P7,R5,37,0.0
P7,R5,38,0.0
P7,R5,39,0.0
P7,R6,37,0.0
P7,R6,38,0.0
P7,R6,39,0.0
P7,R7,37,0.0
P7,R7,38,0.0
P7,R7,39,0.0
P7,R8,37,0.0
P7,R8,38,0.0
P7,R8,39,0.0
P7,R9,37,0.0
P7,R9,38,0.0
P7,R9,39,0.0
P70,R1,37,0.0
P70,R1,38,0.0
P70,R1,39,0.0
P70,R10,37,0.0
P70,R10,38,0.0
P70,R10,39,0.0
P70,R11,37,0.0
P70,R11,38,0.0
P70,R11,39,0.0
P70,R12,37,0.0
P70,R12,38,0.0
P70,R12,39,0.0
P70,R13,37,0.0
P70,R13,38,0.0
P70,R13,39,0.0
P70,R14,37,0.0
P70,R14,38,0.0
P70,R14,39,0.0
P70,R15,37,0.0
P70,R15,38,0.0
P70,R15,39,0.0
P70,R16,37,0.0
P70,R16,38,0.0
P70,R16,39,0.0
P70,R17,37,0.0
P70,R17,38,0.0
P70,R17,39,0.0
P70,R18,37,0.0
P70,R18,38,0.0
P70,R18,39,0.0
P70,R2,37,0.0
P70,R2,38,0.0
P70,R2,39,0.0
P70,R3,37,0.0
P70,R3,38,0.0
P70,R3,39,0.0
P70,R4,37,0.0
P70,R4,38,0.0
P70,R4,39,0.0
P70,R5,37,0.0
P70,R5,38,0.0
P70,R5,39,0.0
P70,R6,37,0.0
P70,R6,38,0.0
P70,R6,39,0.0
P70,R7,37,0.0
P70,R7,38,0.0
P70,R7,39,0.0
P70,R8,37,0.0
P70,R8,38,0.0
P70,R8,39,0.0
P70,R9,37,0.0
P70,R9,38,0.0
P70,R9,39,0.0
P71,R1,37,0.0
P71,R1,38,0.0
P71,R1,39,0.0
P71,R10,37,0.0
P71,R10,38,0.0
P71,R10,39,0.0
P71,R11,37,2.53008028876058
P71,R11,38,2.53008028876058
P71,R11,39,2.53008028876058
P71,R12,37,0.0
P71,R12,38,0.0
P71,R12,39,0.0
P71,R13,37,0.0
P71,R13,38,0.0
P71,R13,39,0.0
P71,R14,37,0.0
P71,R14,38,0.0
P71,R14,39,0.0
P71,R15,37,0.0
P71,R15,38,0.0
P71,R15,39,0.0
P71,R16,37,0.0
P71,R16,38,0.0
P71,R16,39,0.0
P71,R17,37,0.0
P71,R17,38,0.0
P71,R17,39,0.0
P71,R18,37,0.0
P71,R18,38,0.0
P71,R18,39,0.0
P71,R2,37,0.0
P71,R2,38,0.0
P71,R2,39,0.0
P71,R3,37,0.0
P71,R3,38,0.0
P71,R3,39,0.0
P71,R4,37,0.0
P71,R4,38,0.0
P71,R4,39,0.0
P71,R5,37,0.0
P71,R5,38,0.0
P71,R5,39,0.0
P71,R6,37,0.0
P71,R6,38,0.0
P71,R6,39,0.0
P71,R7,37,2.630792248154473
P71,R7,38,2.630792248154473
P71,R7,39,2.630792248154473
P71,R8,37,0.0
P71,R8,38,0.0
P71,R8,39,0.0
P71,R9,37,0.0
P71,R9,38,0.0
P71,R9,39,0.0
P72,R1,37,0.0
P72,R1,38,0.0
P72,R1,39,0.0
P72,R10,37,0.0
P72,R10,38,0.0
P72,R10,39,0.0
P72,R11,37,110.73420241186905
P72,R11,38,110.73420241186905
P72,R11,39,110.73420241186905
P72,R12,37,0.0
P72,R12,38,0.0
P72,R12,39,0.0
P72,R13,37,0.0
P72,R13,38,0.0
P72,R13,39,0.0
P72,R14,37,0.0
P72,R14,38,0.0
P72,R14,39,0.0
P72,R15,37,0.0
P72,R15,38,0.0
P72,R15,39,0.0
P72,R16,37,0.0
P72,R16,38,0.0
P72,R16,39,0.0
P72,R17,37,0.0
P72,R17,38,0.0
P72,R17,39,0.0
P72,R18,37,103.79337133895507
P72,R18,38,103.79337133895507
P72,R18,39,103.79337133895507
P72,R2,37,0.0
P72,R2,38,0.0
P72,R2,39,0.0
P72,R3,37,0.0
P72,R3,38,0.0
P72,R3,39,0.0
P72,R4,37,0.0
P72,R4,38,0.0
P72,R4,39,0.0
P72,R5,37,0.0
P72,R5,38,0.0
P72,R5,39,0.0
P72,R6,37,131.4481742467552
P72,R6,38,131.4481742467552
P72,R6,39,131.4481742467552
P72,R7,37,0.0
P72,R7,38,0.0
P72,R7,39,0.0
P72,R8,37,0.0
P72,R8,38,0.0
P72,R8,39,0.0
P72,R9,37,0.0
P72,R9,38,0.0
P72,R9,39,0.0
P73,R1,37,0.0
P73,R1,38,0.0
P73,R1,39,0.0
P73,R10,37,0.0
P73,R10,38,0.0
P73,R10,39,0.0
P73,R11,37,0.0
P73,R11,38,0.0
P73,R11,39,0.0
P73,R12,37,0.0
P73,R12,38,0.0
P73,R12,39,0.0
P73,R13,37,0.0
P73,R13,38,0.0
P73,R13,39,0.0
P73,R14,37,0.0
P73,R14,38,0.0
P73,R14,39,0.0
P73,R15,37,61.01773296820489
P73,R15,38,61.01773296820489
P73,R15,39,61.01773296820489
P73,R16,37,0.0
P73,R16,38,0.0
P73,R16,39,0.0
P73,R17,37,0.0
P73,R17,38,0.0
P73,R17,39,0.0
P73,R18,37,0.0
P73,R18,38,0.0
P73,R18,39,0.0
P73,R2,37,0.0
P73,R2,38,0.0
P73,R2,39,0.0
P73,R3,37,0.0
P73,R3,38,0.0
P73,R3,39,0.0
P73,R4,37,0.0
P73,R4,38,0.0
P73,R4,39,0.0
P73,R5,37,0.0
P73,R5,38,0.0
P73,R5,39,0.0
P73,R6,37,0.0
P73,R6,38,0.0
P73,R6,39,0.0
P73,R7,37,0.0
P73,R7,38,0.0
P73,R7,39,0.0
P73,R8,37,0.0
P73,R8,38,0.0
P73,R8,39,0.0
P73,R9,37,0.0
P73,R9,38,0.0
P73,R9,39,0.0
P74,R1,37,0.0
P74,R1,38,0.0
P74,R1,39,0.0
P74,R10,37,0.0
P74,R10,38,0.0
P74,R10,39,0.0
P74,R11,37,21.246831937640895
P74,R11,38,21.246831937640895
P74,R11,39,21.246831937640895
P74,R12,37,0.0
P74,R12,38,0.0
P74,R12,39,0.0
P74,R13,37,0.0
P74,R13,38,0.0
P74,R13,39,0.0
P74,R14,37,0.0
P74,R14,38,0.0
P74,R14,39,0.0
P74,R15,37,70.40988399048605
P74,R15,38,70.40988399048605
P74,R15,39,70.40988399048605
P74,R16,37,0.0
P74,R16,38,0.0
P74,R16,39,0.0
P74,R17,37,0.0
P74,R17,38,0.0
P74,R17,39,0.0
P74,R18,37,6.650591361716199
P74,R18,38,6.650591361716199
P74,R18,39,6.650591361716199
P74,R2,37,0.0
P74,R2,38,0.0
P74,R2,39,0.0
P74,R3,37,0.0
P74,R3,38,0.0
P74,R3,39,0.0
P74,R4,37,5.291162797038457
P74,R4,38,5.291162797038457
P74,R4,39,5.291162797038457
P74,R5,37,0.0
P74,R5,38,0.0
P74,R5,39,0.0
P74,R6,37,35.85677798298649
P74,R6,38,35.85677798298649
P74,R6,39,35.85677798298649
P74,R7,37,0.0
P74,R7,38,0.0
P74,R7,39,0.0
P74,R8,37,0.0
P74,R8,38,0.0
P74,R8,39,0.0
P74,R9,37,0.0
P74,R9,38,0.0
P74,R9,39,0.0
P75,R1,37,0.0
P75,R1,38,0.0
P75,R1,39,0.0
P75,R10,37,0.0
P75,R10,38,0.0
P75,R10,39,0.0
P75,R11,37,0.0
P75,R11,38,0.0
P75,R11,39,0.0
P75,R12,37,0.0
P75,R12,38,0.0
P75,R12,39,0.0
P75,R13,37,0.0
P75,R13,38,0.0
P75,R13,39,0.0
P75,R14,37,0.0
P75,R14,38,0.0
P75,R14,39,0.0
P75,R15,37,0.0
P75,R15,38,0.0
P75,R15,39,0.0
P75,R16,37,0.0
P75,R16,38,0.0
P75,R16,39,0.0
P75,R17,37,0.0
P75,R17,38,0.0
P75,R17,39,0.0
P75,R18,37,72.53571442748917
P75,R18,38,72.53571442748917
P75,R18,39,72.53571442748917
P75,R2,37,0.0
P75,R2,38,0.0
P75,R2,39,0.0
P75,R3,37,0.0
P75,R3,38,0.0
P75,R3,39,0.0
P75,R4,37,0.0
P75,R4,38,0.0
P75,R4,39,0.0
P75,R5,37,0.0
P75,R5,38,0.0
P75,R5,39,0.0
P75,R6,37,0.0
P75,R6,38,0.0
P75,R6,39,0.0
P75,R7,37,0.7454492561400885
P75,R7,38,0.7454492561400885
P75,R7,39,0.7454492561400885
P75,R8,37,0.0
P75,R8,38,0.0
P75,R8,39,0.0
P75,R9,37,0.0
P75,R9,38,0.0
P75,R9,39,0.0
P76,R1,37,0.0
P76,R1,38,0.0
P76,R1,39,0.0
P76,R10,37,0.0
P76,R10,38,0.0
P76,R10,39,0.0
P76,R11,37,0.0
P76,R11,38,0.0
P76,R11,39,0.0
P76,R12,37,0.0
P76,R12,38,0.0
P76,R12,39,0.0
P76,R13,37,0.0
P76,R13,38,0.0
P76,R13,39,0.0
P76,R14,37,0.0
P76,R14,38,0.0
P76,R14,39,0.0
P76,R15,37,0.0
P76,R15,38,0.0
P76,R15,39,0.0
P76,R16,37,0.0
P76,R16,38,0.0
P76,R16,39,0.0
P76,R17,37,0.0
P76,R17,38,0.0
P76,R17,39,0.0
P76,R18,37,0.0
P76,R18,38,0.0
P76,R18,39,0.0
P76,R2,37,0.0
P76,R2,38,0.0
P76,R2,39,0.0
P76,R3,37,0.0
P76,R3,38,0.0
P76,R3,39,0.0
P76,R4,37,0.0
P76,R4,38,0.0
P76,R4,39,0.0
P76,R5,37,0.0
P76,R5,38,0.0
P76,R5,39,0.0
P76,R6,37,0.0
P76,R6,38,0.0
P76,R6,39,0.0
P76,R7,37,0.0
P76,R7,38,0.0
P76,R7,39,0.0
P76,R8,37,0.0
P76,R8,38,0.0
P76,R8,39,0.0
P76,R9,37,0.0
P76,R9,38,0.0
P76,R9,39,0.0
P77,R1,37,0.0
P77,R1,38,0.0
P77,R1,39,0.0
P77,R10,37,0.0
P77,R10,38,0.0
P77,R10,39,0.0
P77,R11,37,0.0
P77,R11,38,0.0
P77,R11,39,0.0
P77,R12,37,0.0
P77,R12,38,0.0
P77,R12,39,0.0
P77,R13,37,0.0
P77,R13,38,0.0
P77,R13,39,0.0
P77,R14,37,0.0
P77,R14,38,0.0
P77,R14,39,0.0
P77,R15,37,0.0
P77,R15,38,0.0
P77,R15,39,0.0
P77,R16,37,0.0
P77,R16,38,0.0
P77,R16,39,0.0
P77,R17,37,0.0
P77,R17,38,0.0
P77,R17,39,0.0
P77,R18,37,294.40806123553693
P77,R18,38,294.40806123553693
P77,R18,39,294.40806123553693
P77,R2,37,0.0
P77,R2,38,0.0
P77,R2,39,0.0
P77,R3,37,0.0
P77,R3,38,0.0
P77,R3,39,0.0
P77,R4,37,0.0
P77,R4,38,0.0
P77,R4,39,0.0
P77,R5,37,0.0
P77,R5,38,0.0
P77,R5,39,0.0
P77,R6,37,0.0
P77,R6,38,0.0
P77,R6,39,0.0
P77,R7,37,0.0
P77,R7,38,0.0
P77,R7,39,0.0
P77,R8,37,0.0
P77,R8,38,0.0
P77,R8,39,0.0
P77,R9,37,0.0
P77,R9,38,0.0
P77,R9,39,0.0
P78,R1,37,0.0
P78,R1,38,0.0
P78,R1,39,0.0
P78,R10,37,0.0
P78,R10,38,0.0
P78,R10,39,0.0
P78,R11,37,0.0
P78,R11,38,0.0
P78,R11,39,0.0
P78,R12,37,0.0
P78,R12,38,0.0
P78,R12,39,0.0
P78,R13,37,0.0
P78,R13,38,0.0
P78,R13,39,0.0
P78,R14,37,0.0
P78,R14,38,0.0
P78,R14,39,0.0
P78,R15,37,0.0
P78,R15,38,0.0
P78,R15,39,0.0
P78,R16,37,0.0
P78,R16,38,0.0
P78,R16,39,0.0
P78,R17,37,0.0
P78,R17,38,0.0
P78,R17,39,0.0
P78,R18,37,0.0
P78,R18,38,0.0
P78,R18,39,0.0
P78,R2,37,0.0
P78,R2,38,0.0
P78,R2,39,0.0
P78,R3,37,0.0
P78,R3,38,0.0
P78,R3,39,0.0
P78,R4,37,0.0
P78,R4,38,0.0
P78,R4,39,0.0
P78,R5,37,0.0
P78,R5,38,0.0
P78,R5,39,0.0
P78,R6,37,0.0
P78,R6,38,0.0
P78,R6,39,0.0
P78,R7,37,0.0
P78,R7,38,0.0
P78,R7,39,0.0
P78,R8,37,0.0
P78,R8,38,0.0
P78,R8,39,0.0
P78,R9,37,0.0
P78,R9,38,0.0
P78,R9,39,0.0
P79,R1,37,0.0
P79,R1,38,0.0
P79,R1,39,0.0
P79,R10,37,0.0
P79,R10,38,0.0
P79,R10,39,0.0
P79,R11,37,0.0
P79,R11,38,0.0
P79,R11,39,0.0
P79,R12,37,0.0
P79,R12,38,0.0
P79,R12,39,0.0
P79,R13,37,0.0
P79,R13,38,0.0
P79,R13,39,0.0
P79,R14,37,0.0
P79,R14,38,0.0
P79,R14,39,0.0
P79,R15,37,0.0
P79,R15,38,0.0
P79,R15,39,0.0
P79,R16,37,0.0
P79,R16,38,0.0
P79,R16,39,0.0
P79,R17,37,0.0
P79,R17,38,0.0
P79,R17,39,0.0
P79,R18,37,0.0
P79,R18,38,0.0
P79,R18,39,0.0
P79,R2,37,0.0
P79,R2,38,0.0
P79,R2,39,0.0
P79,R3,37,0.0
P79,R3,38,0.0
P79,R3,39,0.0
P79,R4,37,0.0
P79,R4,38,0.0
P79,R4,39,0.0
P79,R5,37,0.0
P79,R5,38,0.0
P79,R5,39,0.0
P79,R6,37,0.0
P79,R6,38,0.0
P79,R6,39,0.0
P79,R7,37,0.0
P79,R7,38,0.0
P79,R7,39,0.0
P79,R8,37,0.0
P79,R8,38,0.0
P79,R8,39,0.0
P79,R9,37,0.0
P79,R9,38,0.0
P79,R9,39,0.0
P8,R1,37,0.0
P8,R1,38,0.0
P8,R1,39,0.0
P8,R10,37,100.63269047106182
P8,R10,38,100.63269047106182
P8,R10,39,100.63269047106182
P8,R11,37,143.7682083980698
P8,R11,38,143.7682083980698
P8,R11,39,143.7682083980698
P8,R12,37,6.269925898170004
P8,R12,38,6.269925898170004
P8,R12,39,6.269925898170004
P8,R13,37,0.0
P8,R13,38,0.0
P8,R13,39,0.0
P8,R14,37,212.82074938618698
P8,R14,38,212.82074938618698
P8,R14,39,212.82074938618698
P8,R15,37,0.14885354977263343
P8,R15,38,0.14885354977263343
P8,R15,39,0.14885354977263343
P8,R16,37,0.0
P8,R16,38,0.0
P8,R16,39,0.0
P8,R17,37,0.0
P8,R17,38,0.0
P8,R17,39,0.0
P8,R18,37,37.27454945120832
P8,R18,38,37.27454945120832
P8,R18,39,37.27454945120832
P8,R2,37,0.0
P8,R2,38,0.0
P8,R2,39,0.0
P8,R3,37,0.0
P8,R3,38,0.0
P8,R3,39,0.0
P8,R4,37,0.0
P8,R4,38,0.0
P8,R4,39,0.0
P8,R5,37,50.28531091558861
P8,R5,38,50.28531091558861
P8,R5,39,50.28531091558861
P8,R6,37,0.0
P8,R6,38,0.0
P8,R6,39,0.0
P8,R7,37,43.50647039771129
P8,R7,38,43.50647039771129
P8,R7,39,43.50647039771129
P8,R8,37,81.19597133031223
P8,R8,38,81.19597133031223
P8,R8,39,81.19597133031223
P8,R9,37,0.0
P8,R9,38,0.0
P8,R9,39,0.0
P80,R1,37,0.0
P80,R1,38,0.0
P80,R1,39,0.0
P80,R10,37,0.0
P80,R10,38,0.0
P80,R10,39,0.0
P80,R11,37,0.0
P80,R11,38,0.0
P80,R11,39,0.0
P80,R12,37,0.0
P80,R12,38,0.0
P80,R12,39,0.0
P80,R13,37,0.0
P80,R13,38,0.0
P80,R13,39,0.0
P80,R14,37,0.0
P80,R14,38,0.0
P80,R14,39,0.0
P80,R15,37,0.0
P80,R15,38,0.0
P80,R15,39,0.0
P80,R16,37,0.0
P80,R16,38,0.0
P80,R16,39,0.0
P80,R17,37,0.0
P80,R17,38,0.0
P80,R17,39,0.0
P80,R18,37,0.0
P80,R18,38,0.0
P80,R18,39,0.0
P80,R2,37,0.0
P80,R2,38,0.0
P80,R2,39,0.0
P80,R3,37,0.0
P80,R3,38,0.0
P80,R3,39,0.0
P80,R4,37,0.0
P80,R4,38,0.0
P80,R4,39,0.0
P80,R5,37,0.0
P80,R5,38,0.0
P80,R5,39,0.0
P80,R6,37,0.0
P80,R6,38,0.0
P80,R6,39,0.0
P80,R7,37,0.0
P80,R7,38,0.0
P80,R7,39,0.0
P80,R8,37,0.0
P80,R8,38,0.0
P80,R8,39,0.0
P80,R9,37,0.0
P80,R9,38,0.0
P80,R9,39,0.0
P81,R1,37,0.0
P81,R1,38,0.0
P81,R1,39,0.0
P81,R10,37,0.0
P81,R10,38,0.0
P81,R10,39,0.0
P81,R11,37,0.0
P81,R11,38,0.0
P81,R11,39,0.0
P81,R12,37,0.0
P81,R12,38,0.0
P81,R12,39,0.0
P81,R13,37,0.0
P81,R13,38,0.0
P81,R13,39,0.0
P81,R14,37,0.0
P81,R14,38,0.0
P81,R14,39,0.0
P81,R15,37,0.0
P81,R15,38,0.0
P81,R15,39,0.0
P81,R16,37,0.0
P81,R16,38,0.0
P81,R16,39,0.0
P81,R17,37,0.0
P81,R17,38,0.0
P81,R17,39,0.0
P81,R18,37,0.0
P81,R18,38,0.0
P81,R18,39,0.0
P81,R2,37,0.0
P81,R2,38,0.0
P81,R2,39,0.0
P81,R3,37,0.0
P81,R3,38,0.0
P81,R3,39,0.0
P81,R4,37,0.0
P81,R4,38,0.0
P81,R4,39,0.0
P81,R5,37,0.0
P81,R5,38,0.0
P81,R5,39,0.0
P81,R6,37,0.0
P81,R6,38,0.0
P81,R6,39,0.0
P81,R7,37,0.0
P81,R7,38,0.0
P81,R7,39,0.0
P81,R8,37,0.0
P81,R8,38,0.0
P81,R8,39,0.0
P81,R9,37,0.0
P81,R9,38,0.0
P81,R9,39,0.0
P9,R1,37,0.0
P9,R1,38,0.0
P9,R1,39,0.0
P9,R10,37,443.50674700873265
P9,R10,38,443.50674700873265
P9,R10,39,443.50674700873265
P9,R11,37,174.4583344545112
P9,R11,38,174.4583344545112
P9,R11,39,174.4583344545112
P9,R12,37,70.0912053435885
P9,R12,38,70.0912053435885
P9,R12,39,70.0912053435885
P9,R13,37,0.0
P9,R13,38,0.0
P9,R13,39,0.0
P9,R14,37,199.32258182680843
P9,R14,38,199.32258182680843
P9,R14,39,199.32258182680843
P9,R15,37,58.3475901583275
P9,R15,38,58.3475901583275
P9,R15,39,58.3475901583275
P9,R16,37,0.0
P9,R16,38,0.0
P9,R16,39,0.0
P9,R17,37,0.0
P9,R17,38,0.0
P9,R17,39,0.0
P9,R18,37,12.059801721633924
P9,R18,38,12.059801721633924
P9,R18,39,12.059801721633924
P9,R2,37,0.0
P9,R2,38,0.0
P9,R2,39,0.0
P9,R3,37,35.37452259673153
P9,R3,38,35.37452259673153
P9,R3,39,35.37452259673153
P9,R4,37,0.0
P9,R4,38,0.0
P9,R4,39,0.0
P9,R5,37,129.26001948451304
P9,R5,38,129.26001948451304
P9,R5,39,129.26001948451304
P9,R6,37,0.0
P9,R6,38,0.0
P9,R6,39,0.0
P9,R7,37,0.0
P9,R7,38,0.0
P9,R7,39,0.0
P9,R8,37,0.4199930827559962
P9,R8,38,0.4199930827559962
P9,R8,39,0.4199930827559962
P9,R9,37,140.2276027248783
P9,R9,38,140.2276027248783
P9,R9,39,140.2276027248783
